,brand,name,price
0,adidas Performance,SAMBA LEATHER FOOTBALL SHOES INDOOR - Trainers - black/run white, £46.74
1,adidas Originals,X9000L3 BOOST SPORTS RUNNING SHOES UNISEX - Trainers - core black/grey three, £52.50
2,adidas Originals,OZWEEGO - Trainers - core black/carbon, From £62.99
3,adidas Originals,LACOMBE - Trainers - footwear white/core black/core white, £42.50
4,adidas Originals,Trainers - core black/grey one/grey six, £40.00
5,adidas Originals,STAN SMITH - Trainers - ftwr white/core white/green, From £45.49
6,adidas Originals,3MC - Trainers - cblack/cblack/gretwo, £25.00
7,adidas Originals,ADILETTE SPORTS INSPIRED SLIDES UNISEX - Mules - bright royal/red/footwear white, £15.50
8,adidas Originals,ZX 2K BOOST UNISEX - Trainers - scarlet/blue, £62.50
9,adidas Originals,ZX 2K FLUX UNISEX - Trainers - core black/shock pink, From £45.00
10,adidas Originals,GAZELLE - Trainers - black, From £55.99
11,adidas Originals,ADI-EASE - Trainers - black, £30.00
12,adidas Originals,GAZELLE - Trainers - conavy/white/goldmt, From £59.99
13,adidas Originals,ADILETTE SPORTS INSPIRED SLIDES UNISEX - Mules - core black/green/red, £15.50
14,adidas Originals,STAN SMITH LACE-FREE SHOES - Trainers - footwear white / green, From £37.50
15,adidas Originals,NMD_R1 - Trainers - ftwwht/ftwwht/gum3, From £82.49
16,adidas Originals,CONTINENTAL VULC  - Trainers - footwear white/crystal white, From £32.50
17,adidas Originals,STAN SMITH - Trainers - footwear white, From £37.50
18,adidas Originals,ADILETTE SPORTS INSPIRED SLIDES UNISEX - Mules - core black/red/yellow, £15.50
19,adidas Originals,SL 72 UNISEX - Trainers - scarlet/offwhite/collegiate burgundy, £40.00
20,adidas Originals,CONTINENTAL 80 SKATEBOARD SHOES - Trainers - footwear white/scarlet/collegiate navy, From £52.49
21,adidas Originals,Trainers - footwear white/blue/grey one, £40.00
22,adidas Originals,3MC - Trainers - core black/footwear white, £27.50
23,adidas Originals,SUPERSTAR SPORTS INSPIRED SHOES UNISEX - Trainers - footwear white/scarlet, £45.00
24,adidas Performance,ULTRABOOST 20 PRIMEKNIT RUNNING SHOES - Neutral running shoes - core black/solar red, From £135.99
25,adidas Originals,TEAM COURT - Trainers - ftwwht/ftwwht/cblack, £35.00
26,adidas Originals,OZWEEGO - Trainers - ftwwht/ftwwht/cblack, From £62.99
27,adidas Originals,X_PLR - Trainers - core black, £40.00
28,adidas Originals,STAN SMITH - Trainers - run white/new navy, From £45.49
29,adidas Originals,SUPERSTAR SPORTS INSPIRED SHOES UNISEX - Trainers - footwear white/green, £45.00
30,adidas Originals,SL 72 UNISEX - Trainers - footwear white/metallic silver/grey one, From £40.00
31,adidas Originals,U_PATH RUN - Trainers - footwear white/core black, From £48.99
32,adidas Originals,HANDBALL SPEZIAL - Trainers - ltblue/ftwwht/gum5, From £52.49
33,adidas Originals,ADILETTE - Pool slides - black/white, From £19.99
34,adidas Originals,USA 84 CLASSIC RUNNING SPORTS INSPIRED SHOES UNISEX - Trainers - grey/hi-res yellow/clear aqua, £48.99
35,adidas Performance,ULTRABOOST PRIMEKNIT RUNNING SHOES - Neutral running shoes - core black/iron metallic, £111.99
36,adidas Originals,HANDBALL SPEZIAL - Trainers - cblack/ftwwht/gum5, From £59.99
37,adidas Originals,ZX 2K BOOST SPORTS INSPIRED SHOES UNISEX - Trainers - footwear white/core black/signal pink, £62.50
38,adidas Originals,ZX 2K BOOST UNISEX - Trainers - core black/shock pink, From £99.99
39,adidas Originals,PW TENNIS HU - Trainers - footwear white/core white, £45.00
40,adidas Originals,USA 84 - Trainers - footwear white/grey heather, From £48.99
41,adidas Originals,Trainers - blue/red/tech indigo, £55.99
42,adidas Originals,X9000L3 BOOST SPORTS RUNNING SHOES UNISEX - Trainers - core black/grey three/grey six, From £52.50
43,adidas Originals,TEAM COURT - Trainers - footwear white/collegiate green/green, From £35.00
44,adidas Originals,3MC - Trainers - conavy/conavy/ftwwht, From £27.50
45,adidas Originals,SUPERCOURT - Trainers - ftwwht/ftwwht/cblack, From £48.99
46,adidas Originals,ZX 4D - Trainers - grey four core black solar orange, From £131.24
47,adidas Originals,3MC X DISNEY GOOFY - Trainers - scarlet/footwear white/collegiate royal, From £30.00
48,adidas Performance,TERREX HIKSTER LOW - Hiking shoes - savannah/core black/signal green, £109.99
49,adidas Originals,X9000L3 BOOST SPORTS RUNNING SHOES UNISEX - Trainers - core black/grey six, From £89.24
50,adidas Originals,HANDBALL SPEZIAL - Trainers - collegiate navy/clear sky, From £56.24
51,adidas Performance,TERREX SWIFT SOLO - Climbing shoes - grey six/core black/scarlet, £84.99
52,adidas Originals,NMD_R1.V2 BOOST UNISEX - Trainers - core black/signal pink/signal green, £87.49
53,adidas Originals,ZX 2K BOOST UNISEX - Trainers - footwear white/grey one, From £93.74
54,adidas Originals,RIVALRY - Trainers - core black/footwear white, From £35.00
55,adidas Originals,CONTINENTAL 80 SKATEBOARD SHOES - Trainers - core black/scarlet/collegiate navy, From £52.49
56,adidas Originals,3MC - Trainers - footwear white, From £49.99
57,adidas Originals,SAMBA - Trainers - footwear white/core black/granit, From £48.99
58,adidas Performance,DURAMO SLIDE - Pool slides - new navy/white, £16.95
59,adidas Performance,TERREX TRAILMAKER - Hiking shoes - savannah/core black/solar gold, £84.99
60,adidas Performance,ASWEETRAIN - Sports shoes - core black/footwear white/grey two, £43.99
61,adidas Originals,JEANS UNISEX - Trainers - footwear white/collegiate green, £89.99
62,adidas Originals,STAN SMITH - Trainers - black, From £48.99
63,adidas Originals,ADIDAS ORIGINALS  X PHARRELL WILLIAMS BOOST SLIDES - Pool slides - black, £45.00
64,adidas Originals,CONTINENTAL 80 SPORTS INSPIRED SHOES UNISEX - Trainers - footwear white/burgundy/offwhite, £45.00
65,adidas Originals,SEELEY SPORTS INSPIRED SHOES - Trainers - core black/footwear white, £30.00
66,adidas Performance,PREDATOR 20.3 TF - Astro turf trainers - core black/dough solid grey, £52.49
67,adidas Originals,GAZELLE - Trainers - white, From £63.74
68,adidas Performance,Pool slides - black/white, £17.95
69,adidas Performance,TERREX TRAILMAKER - Hiking shoes - grey two/core black/hi res aqua, £72.24
70,adidas Originals,SUPERSTAR SPORTS INSPIRED SHOES UNISEX - Trainers - footwear white/core black, £80.99
71,adidas Performance,TERREX HIKSTER TRAXION HIKING SHOES MID - Hiking shoes - grey two/footwear white/signal orange, £101.99
72,adidas Originals,GAZELLE - Trainers - vapour pink/white/gold metallic, From £48.99
73,adidas Originals,JEANS UNISEX - Trainers - footwear white/collegiate navy, £89.99
74,adidas Originals,ADILETTE LITE - Mules - conavy/ftwwht/conavy, From £19.49
75,adidas Originals,"ZX 2K BOOST - Trainers - white, lilac", From £99.99
76,adidas Originals,SUPERSTAR UNISEX - Trainers - footwear white/core black, £45.00
77,adidas Originals,TEAM COURT - Trainers - core black/footwear white, From £35.00
78,adidas Performance,RUNFALCON - Neutral running shoes - core black/footwear white, From £42.95
79,adidas Originals,NMD_R1 - Trainers - core black/carbon, £124.99
80,adidas Performance,FREE HIKER BOOST PRIMEKNIT SHOES - Hiking shoes - legend green/core black/sigal green, £118.99
81,adidas Originals,NMD_R1 - Trainers - core black, From £98.99
82,adidas Performance,TERREX TRAILMAKER - Hiking shoes - core black/aluminium, £84.99
83,adidas Originals,SUPERSTAR - Trainers - core black/footwear white, £79.95
84,adidas Performance,TERREX SWIFT R2 MID GTX GORETEX HIKING SHOES - Hiking shoes - core black, From £139.95
85,adidas Performance,ADILETTE MONO - Pool slides - core black, £32.95
86,adidas Originals,ZX FLUX UNISEX - Trainers - core black, £79.99
87,adidas Originals,3MC X DISNEY SPORT GOOFY UNISEX - Slip-ons - footwear white/light blue, £27.50
88,adidas Performance,RUNFALCON - Neutral running shoes - core black, From £42.95
89,adidas Originals,ZX 2K BOOST UNISEX - Trainers - core black/solar red, From £99.99
90,adidas Performance,DURAMO - Neutral running shoes - grey six/core black/footwear white, £44.99
91,adidas Performance,RUNFALCON SHOES - Stabilty running shoes - grey, From £42.95
92,adidas Originals,JEANS UNISEX - Trainers - footwear white/collegiate burgundy, £89.99
93,adidas Performance,RUNFALCON 2.0 - Neutral running shoes - core black/grey six, £44.95
94,adidas Originals,SUPERSTAR UNISEX - Trainers - footwear white/blue bird/offwhite, £47.50
95,adidas Originals,STAN SMITH NEON HEEL SHOES - Trainers - footwear white/core black, £53.99
96,adidas Performance,GALAXY  - Neutral running shoes - core black/footwear white, £42.99
97,adidas Originals,SAMBA - Trainers - cblack/ftwwht/gum5, From £41.99
98,adidas Originals,Trainers - core black/grey six, From £93.74
99,adidas Originals,RIVALRY  - Trainers - core black/footwear white, From £40.00
100,adidas Performance,RUNFALCON - Neutral running shoes - dark blue/ftwr white/core black, From £42.95
101,adidas Originals,TERRACE SPORTS INSPIRED SHOES - Trainers - footwear white/grey five, £53.99
102,adidas Originals,ZX FLUX - Trainers - black1/black1/wht, From £45.49
103,adidas Originals,X_PLR - Trainers - footwear white/core black, £40.00
104,adidas Performance,ULTRABOOST PRIMEKNIT RUNNING SHOES - Neutral running shoes - grey two/footwear white/signal orange, From £111.99
105,adidas Originals,Trainers - core black/carbon/ftwr white, £179.95
106,adidas Performance,TERREX AX3 GTX - Hiking shoes - clear black/carbon, From £99.95
107,adidas Performance,TERREX AGRAVIC FLOW RUNNING - Trail running shoes - solar gold/core black/footwear white, £89.99
108,adidas Performance,TERREX AX3 - Hiking shoes - core black/carbon, From £84.95
109,adidas Originals,SAMBA - Trainers - core black, £84.95
110,adidas Performance,TERREX SKYCHASER  - Hiking shoes - legend earth/hi-res aqua, £87.99
111,adidas Originals,SEELEY - Skate shoes - cblack, From £50.99
112,adidas Performance,NEMEZIZ 19.3 LL FG - Moulded stud football boots - core black/gold metallic/utility black, From £56.24
113,adidas Originals,NMD_R1 SPECTOO UNISEX  - Trainers - core black/yellow tint, £119.95
114,adidas Originals,NMD_R1 UNISEX - Trainers - footwear white, £124.99
115,adidas Performance,DURAMO - Neutral running shoes - collegiate burgundy/footwear white/core black, £47.99
116,adidas Originals,OZWEEGO - Trainers - core black/grey four/onix, £89.95
117,adidas Performance,RUNFALCON - Neutral running shoes - footwear white, From £42.95
118,adidas Originals,RIVALRY - Trainers - footwear white/core black, From £41.99
119,adidas Performance,TERREX AX3 MID GORE-TEX HIKING SHOES - Hiking shoes - black, £119.95
120,adidas Originals,ZX 700 HD SHOES - Trainers - green, £74.95
121,adidas Originals,NIZZA - Trainers - cblack/ftwwht/ftwwht, From £38.49
122,adidas Originals,SUPERSTAR SPORTS INSPIRED SHOES UNISEX - Trainers - footwear white/active gold, £45.00
123,adidas Originals,PW TENNIS HU - Trainers - footwear white/core white, From £74.95
124,adidas Performance,DURAMO - Neutral running shoes - core black, From £44.95
125,adidas Performance,DURAMO - Neutral running shoes - core black, From £44.95
126,adidas Originals,NIZZA - Trainers - ftwwht/cblack/ftwwht, From £32.99
127,adidas Originals,STAN SMITH SPORTS INSPIRED SHOES - Trainers - footwear white/green, From £45.00
128,adidas Performance,TERREX AX3 GTX - Hiking shoes - grey two/signal green, £74.99
129,adidas Originals,ZX - Trainers - core black easy orange orange, £62.99
130,adidas Originals,ZX FLUX - Trainers - weiß, From £48.99
131,adidas Originals,NMD R1 - Trainers - core black, From £109.95
132,adidas Originals,NIZZA  - Skate shoes - white, £49.95
133,adidas Originals,RIVALRY SPORTS INSPIRED SHOES UNISEX - Trainers - footwear white/maroon/clear sky, £40.00
134,adidas Originals,SWIFT RUN - Trainers - ftwwht/cblack/ftwwht, £40.00
135,adidas Performance,DURAMO - Neutral running shoes - scarle/ftwwht/cblack, £44.99
136,adidas Originals,ZX 2K BOOST UNISEX - Trainers - footwear white/solar red/blue, £99.99
137,adidas Originals,3MC X DISNEY SPORT GOOFY UNISEX - Trainers - crystal white/footwear white/core black, From £30.00
138,adidas Performance,DURAMO - Neutral running shoes - solar red/core black, £44.99
139,adidas Performance,TERREX AGRAVIC TRAIL RUNNING SHOES - Trail running shoes - core black/grey six, £79.99
140,adidas Originals,ZX 2K FLUX SPORTS INSPIRED SHOES UNISEX - Trainers - core black/grey six/shock pink, From £62.99
141,adidas Originals,SUPERSTAR - Trainers - core black, £99.95
142,adidas Performance,TERREX FREE PARLEY - Hiking shoes - core black/footwear white/solar gold, From £144.49
143,adidas Originals,NMD_R1.V2 BOOST SPORTS INSPIRED SHOES UNISEX - Trainers - core black/footwear white, £93.74
144,adidas Originals,NIZZA UNISEX  - Trainers - core black, £41.99
145,adidas Performance,ROSE 773 2020 - Basketball shoes - scarlet/core black/footwear white, £69.95
146,adidas Originals,CONTINENTAL 80 SPORTS INSPIRED SHOES UNISEX - Trainers - footwear white/collegiate navy/offwhite, £76.49
147,adidas Originals,OZWEEGO TECH - Trainers - purple/black, From £89.24
148,adidas Performance,HARDEN STEPBACK - Basketball shoes - black, From £52.49
149,adidas Originals,NMD_R1 UNISEX - Trainers - footwear white/dark blue, £124.99
150,adidas Originals,COUNTRY OG SHOES - Trainers - black, £69.95
151,adidas Performance,TERREX AGRAVIC - Trail running shoes - core black/grey five, £69.99
152,adidas Performance,ASWEETRAIN - Sports shoes - footwear white/core black/signal cyan, £43.99
153,adidas Originals,X_PLR UNISEX - Trainers - dark blue/footwear white/core black, £79.99
154,adidas Performance,Pool slides - black, £17.95
155,adidas Originals,SUPERSTAR - Trainers - footwear white, From £71.99
156,adidas Originals,ZX 2K FLUX SHOES - Trainers - beige, £74.95
157,adidas Performance,DURAMO - Neutral running shoes - royal blue/footwear white/core black, From £44.95
158,adidas Performance,TERREX SKYCHASER LT GTX - Trail running shoes - carbon/core black/grey four, £103.99
159,adidas Originals,PATH RUN UNISEX - Trainers - footwear white, £79.99
160,adidas Performance,TERREX SKYCHASER LT MID GORE-TEX HIKING SHOES - Hiking shoes - grey, £149.95
161,adidas Performance,SUPERNOVA - Neutral running shoes - crystal white/royal blue/core black, From £67.99
162,adidas Originals,ULTRABOOST DNA UNISEX - Trainers - core black/action red, £139.95
163,adidas Originals,NITE JOGGER - Trainers - core black, From £91.99
164,adidas Performance,SOLAR DRIVE 19 - Neutral running shoes - core black/footwear white/grey six, From £69.99
165,adidas Performance,ALPHATORSION - Stabilty running shoes - cblack/ftwwht/gresix, From £59.49
166,adidas Performance,TERREX SWIFT R2 HIKING SHOES - Hiking shoes - coren black, From £89.99
167,adidas Performance,FITBOUNCE VERSATILITY BOUNCE TRAINING SHOES - Sports shoes - collegiate navy/footwear white/sky tint, £48.99
168,adidas Performance,Screw-in stud football boots - Black, £69.95
169,adidas Originals,ZX 2K BOOST - Trainers - footwear white/yellow, £124.99
170,adidas Performance,TERREX FREE HIKER GORE TEX HIKING SHOES - Hiking shoes - core black/grey three/active orange, £179.99
171,adidas Performance,FLUIDSTREET - Sports shoes - core black/footwear white, From £49.95
172,adidas Originals,NITE JOGGER BOOST SPORTS INSPIRED SHOES - Trainers - tech indigo/collegiate navy/scarlet, £57.50
173,adidas Originals,SUPERSTAR - Trainers - core black, From £79.95
174,adidas Performance,SUPERNOVA - Neutral running shoes - core black/grey six/silver metallic, £84.95
175,adidas Originals,NINJA ZX 2K BOOST SHOES UNISEX - Trainers - yellow/legend gold/tech copper, From £129.95
176,adidas Originals,ZX 700 HD UNISEX - Trainers - footwear white/core black, £89.99
177,adidas Performance,RUNFALCON - Neutral running shoes - grey six/footwear white/core black, From £42.95
178,adidas Performance,RUNFALCON 2.0 - Neutral running shoes - vivid red/footwear white/solar red, £44.95
179,adidas Performance,ASWEETRAIN - Sports shoes - tech indigo/legend ink/royal blue, £38.49
180,adidas Originals,NINJA ZX 2K BOOST SHOES UNISEX - Trainers - footwear white/core black/grey five, From £129.95
181,adidas Originals,SUPERSTAR 50 RUN DMC UNISEX - Trainers - black/white/red, £89.95
182,adidas Performance,ADILETTE - Pool slides - red, £21.95
183,adidas Performance,TERREX SKYCHASER LT GTX - Trail running shoes - core black/glow mint, £110.49
184,adidas Originals,Trainers - grey, £89.95
185,adidas Performance,TERREX EASTRAIL GORE-TEX - Hiking shoes - grey/black, £84.95
186,adidas Originals,X90004D UNISEX - Trainers - grey three/metallic silver/signal orange, £122.49
187,adidas Originals,SUPERCOURT UNISEX  - Trainers - offwhite/footwear white/chalk solid grey, £79.99
188,adidas Originals,SUPERSTAR SHOES - Trainers - white, £79.95
189,adidas Originals,ULTRABOOST DNA (5.0) - Trainers - core black, £159.95
190,adidas Originals,X_PLR UNISEX - Trainers - medium grey heather/solid grey/footwear white/core black, £79.99
191,adidas Originals,NMD_R1.V2 BOOST SPORTS INSPIRED SHOES UNISEX - Trainers - footwear white/core black, From £99.99
192,adidas Performance,ADILETTE - Pool slides - blue, From £21.95
193,adidas Performance,FIVE TEN MOUNTAIN BIKE SLEUTH DLX SHOES - Trainers - black/grey, £99.95
194,adidas Performance,ULTRABOOST 20 PRIMEBLUE PRIMEKNIT RUNNING SHOES - Neutral running shoes - core black/grey four, From £159.95
195,adidas Originals,BROOMFIELD - Trainers - rawwht/cbrown/goldmt, £74.95
196,adidas Performance,POWERLIFT 4 SHOES - Sports shoes - black, £84.95
197,adidas Performance,ADILETTE CLOUDFOAM PLUS STRIPES SLIDES - Pool slides - blue, £32.95
198,adidas Originals,X_PLR UNISEX - Trainers - core black/footwear white, £79.99
199,adidas Performance,TERREX AX3 - Hiking shoes - legend gold/core black/solar gold, £72.24
200,adidas Performance,Pool slides - dark blue, £17.95
201,adidas Performance,DURAMO 9 - Neutral running shoes - core black/footwear white, £44.99
202,adidas Performance,SUPERNOVA BOOST BOUNCE COLD RDY RUNNING SHOES - Neutral running shoes - core black/night metallic/signal organge, £71.99
203,adidas Performance,ADILETTE - Pool slides - core black/footwear white, £21.95
204,adidas Originals,NINJA ZX 2K BOOST SHOES UNISEX - Trainers - blue/footwear white/collegiate green, £129.95
205,adidas Performance,SUPERNOVA - Neutral running shoes - legend blue/core black/sigal pink, £59.49
206,adidas Originals,SPORTS INSPIRED SHOES - Trainers - conavy/ftwwht/cblack, From £74.95
207,adidas Originals,NMD_R1 UNISEX - Trainers - core black/silver metallic/solar red, £109.95
208,adidas Originals,ZX 2K FLUX SHOES - Trainers - grey, £74.95
209,adidas Performance,ULTRABOOST PB DNA SPORTS RUNNING SHOES - Neutral running shoes - core black/footwear white/signal coral, From £127.99
210,adidas Originals,NMD_R1.V2 - Trainers - core black/footwear white, £109.95
211,adidas Originals,SUPERSTAR VEGAN - Trainers - footwear white/core black/green, From £76.49
212,adidas Originals,SUPERCOURT - Trainers - cblack/cblack/ftwwht, From £48.99
213,adidas Performance,FITBOUNCE VERSATILITY BOUNCE TRAINING SHOES - Sports shoes - core black/footwear white/grey six, £48.99
214,adidas Performance,FITBOUNCE VERSATILITY BOUNCE TRAINING SHOES - Sports shoes - grey three/footwear white/core black, £48.99
215,adidas Performance,COPA 20.4 TF - Astro turf trainers - core black/solid grey, £37.99
216,adidas Performance,DURAMO - Neutral running shoes - coreblack, From £44.95
217,adidas Originals,NMD_R1 UNISEX - Trainers - halo silver/black silver metallic/bahia orange, £109.95
218,adidas Performance,PREDATOR 20.3 FG - Moulded stud football boots - ftwwht/cblack/pop, From £59.99
219,adidas Performance,SOLAR BOOST 19 - Neutral running shoes - core black/footwear white/signal green, From £111.99
220,adidas Performance,GALAXY  - Neutral running shoes - core black/royal blue/footwear white, £34.39
221,adidas Performance,19.3 MULTI-GROUND BOOTS - Moulded stud football boots - white, £69.95
222,adidas Performance,ULTRABOOST 20 PRIMEBLUE PRIMEKNIT RUNNING SHOES - Neutral running shoes - core black/signal orange, From £159.95
223,adidas Performance,X9000L3 X VITALITY - Stabilty running shoes - black, £109.95
224,adidas Originals,ULTRABOOST 20 - Trainers - core black, £159.95
225,adidas Performance,TERREX SWIFT SOLO - Climbing shoes - royal blue/core black/signal cyan, £72.24
226,adidas Originals,SUPERSTAR SHOES - Trainers - black, £79.95
227,adidas Performance,PREDATOR 20.3 FOOTBALL BOOTS MULTI GROUND - Moulded stud football boots - footwear white/gold metallic/core black, From £56.24
228,adidas Performance,Stabilty running shoes - black, £84.95
229,adidas Originals,NMD_R1.V2 BOOST UNISEX - Trainers - signal green/signal pink, £62.50
230,adidas Performance,RUNFALCON - Neutral running shoes - core black/signal orange/footwear white, £42.99
231,adidas Performance,RESPONSE TRAIL - Trail running shoes - grey six/dove grey/core black, £52.49
232,adidas Performance,RUNFALCON - Neutral running shoes - grey six/scarlet/footwear white, £42.99
233,adidas Originals,TEAM COURT - Trainers - footwear white/collegiate navy, £48.99
234,adidas Performance,SUPERNOVA - Neutral running shoes - glow grey/core black, From £84.95
235,adidas Originals,NITE JOGGER SHOES - Trainers - black, £99.95
236,adidas Performance,HARDEN STEPBACK - Basketball shoes - grey one/footwear white, From £63.74
237,adidas Originals,Trainers - cblack/cblack/gresix, £109.95
238,adidas Performance,SL20 SUMMER READY  - Neutral running shoes - blue, £99.95
239,adidas Performance,SOLARBOOST ST 19 SHOES - Neutral running shoes - grey, From £97.99
240,adidas Originals,NMD_R1 BOOST SPORTS INSPIRED SHOES UNISEX - Trainers - core black/signal pink/footwear white, £93.74
241,adidas Originals,NITE JOGGER BOOST SPORTS INSPIRED SHOES - Trainers - cblack/cblack/ftwwht, £99.95
242,adidas Performance,HARDEN STEPBACK 2 - Basketball shoes - core black/yellow/acid mint, £74.95
243,adidas Performance,SUPERNOVA - Neutral running shoes - core black/signal pink/copper metallic, From £59.49
244,adidas Performance,PREDATOR 20.4 FXG - Moulded stud football boots - ftwwht/cblack/pop, £44.95
245,adidas Originals,STAN SMITH VEGAN SPORTS INSPIRED SHOES UNISEX - Trainers - footwear white/collegiate navy/green, £74.95
246,adidas Originals,NITE JOGGER UNISEX - Trainers - dash grey/core black/silver, £99.95
247,adidas Performance,ULTRABOOST 20 PRIMEKNIT RUNNING SHOES - Neutral running shoes - core black/night metallic/footwear white, £159.95
248,adidas Originals,SUPERSTAR - Trainers - footwear white/core black, From £71.99
249,adidas Performance,FLUIDSTREET - Sports shoes - dove grey/grey two/grey five, £49.99
250,adidas Performance,PREDATOR 20.3 FIRM GROUND BOOTS - Moulded stud football boots - white, £84.95
251,adidas Performance,NEMEZIZ 19.3 TF - Astro turf trainers - signal coral/core black/red, £59.49
252,adidas Performance,NEMEZIZ 19.3 TF - Astro turf trainers - signal coral/core black/red, £59.49
253,adidas Performance,RUNFALCON - Neutral running shoes - raw khaki/core black/footwear white, £42.99
254,adidas Originals,CONTINENTAL VULCANIZED SKATEBOARD SHOES - Trainers - core black/footwear white, From £48.74
255,adidas Originals,STAN SMITH UNISEX - Trainers - footwear white/core black, £74.95
256,adidas Originals,NMD_R1 SPECTOO UNISEX  - Trainers - core black/solar red, £119.95
257,adidas Originals,NITE JOGGER - Trainers - footwear white, From £57.50
258,adidas Performance,GALAXY  - Neutral running shoes - tech indigo/footwear white/legend ink, £42.99
259,adidas Performance,GALAXY  - Neutral running shoes - scarlet/footwear white/core black, £42.99
260,adidas Originals,NITE JOGGER SHOES - Trainers - grey, £99.95
261,adidas Performance,TERREX SWIFT R2 GTX - Hiking shoes - black, From £119.95
262,adidas Originals,NMD_R1 - Trainers - core black, £139.95
263,adidas Originals,NINJA ZX 2K BOOST SHOES - Trainers - pink, £129.95
264,adidas Originals,ZX 2K BOOST UNISEX - Trainers - core black/glow blue, £109.95
265,adidas Originals,Trainers - crywht/ftwwht/crywht, £109.95
266,adidas Performance,RUNFALCON 2.0 TR - Neutral running shoes - legear/cblack/gresix, £49.95
267,adidas Performance,ADILETTE - Pool slides - green, £17.95
268,adidas Originals,NMD R1 - Trainers - scarlet, £106.24
269,adidas Originals,NMD_R1 SPECTOO UNISEX  - Trainers - halo silver/core black, £119.95
270,adidas Originals,NMD_R1 SPECTOO UNISEX  - Trainers - footwear white/core black, £119.95
271,adidas Originals,SUPERSTAR PURE - Trainers - core black/core white, From £75.99
272,adidas Originals,OZWEEGO BIG LOGO UNISEX - Trainers - chalk white/core black/footwear white, £89.95
273,adidas Originals,X9000L4 BOOST SPORTS RUNNING SHOES - Trainers - grey two f/night met./grey three f, £62.50
274,adidas Performance,N3XT L3V3L - Basketball shoes - core black/footwear white/sky tint, From £110.49
275,adidas Performance,PREDATOR 20.3 LL FG - Moulded stud football boots - core black/dough solid grey, From £59.49
276,adidas Performance,PREDATOR 20.3 SG - Screw-in stud football boots - core black/solid grey, From £56.24
277,adidas Performance,TERREX TWO ULTRA PARLEY - Trail running shoes - solar gold/core black/footwear white, From £159.95
278,adidas Originals,SL 7200 SHOES - Trainers - black, £74.95
279,adidas Originals,BASKET PROFI - High-top trainers - core black/footwear white/gold metallic, From £63.99
280,adidas Performance,RESPONSE SR - Trainers - black/grey, £64.95
281,adidas Originals,SUPERSTAR SHOES - Trainers - white, £84.95
282,adidas Performance,COMFORT - Walking sandals - black, £34.95
283,adidas Performance,ADISSAGE UNISEX - Pool slides - core black/footwear white, £21.95
284,adidas Originals,SUPERSTAR SPORTS INSPIRED SHOES UNISEX - Trainers - footwear white/offwhite/grey two, £47.50
285,adidas Originals,STAN SMITH LACE-FREE SHOES - Trainers - footwear white / gold metallic, £48.99
286,adidas Originals,SUPERCOURT UNISEX  - Trainers - footwear white/solid grey/chalk solid grey, £79.99
287,adidas Originals,ZX FLUX UNISEX - Trainers - footwear white/dark blue, £79.99
288,adidas Originals,SUPERSTAR  - Trainers - footwear white/super pink/core black, £37.95
289,adidas Originals,YUNG-1 SHOES - Trainers - grey, £89.24
290,adidas Performance,TERREX FREE HIKER - Hiking shoes - legend blue/metallic grey/rawdes, £174.99
291,adidas Performance,TERREX AGRAVIC GORE-TEX RUNNING - Trail running shoes - core black/grey four/solar red, £84.99
292,adidas Performance,X GHOSTED.3 FOOTBALL TURF - Astro turf trainers - footwear white/core black, £59.99
293,adidas Originals,OZWEEGO  - Trainers - white, £89.95
294,adidas Performance,DURAMO - Neutral running shoes - footwear white/grey two, From £35.99
295,adidas Performance,X GHOSTED.3 FOOTBALL TURF - Astro turf trainers - footwear white/gold/core black, From £52.49
296,adidas Originals,ZX 2K BOOST UNISEX - Trainers - grey one/silver metallic/solar red, £109.95
297,adidas Performance,SUPERNOVA - Neutral running shoes - signal pink/core black/copper metallic, From £59.49
298,adidas Performance,GALAXAR RUN SHOES - Trail running shoes - black, £48.99
299,adidas Originals,AMERICANA LOW - Trainers - ftwr white/glory red/chalk white, £35.00
300,adidas Performance,Cycling shoes - grey, £99.95
301,adidas Performance,X GHOSTED.3 FOOTBALL TURF - Astro turf trainers - core black/grey six, From £52.49
302,adidas Performance,SOLAR GLIDE BOOST SHOES - Neutral running shoes - siggnr/cwhite/cblack, From £95.99
303,adidas Performance,TERREX SWIFT R2 HIKING SHOES - Hiking shoes - green, £89.24
304,adidas Originals,USA 84 - Trainers - core black/footwear white/scarlet, From £64.95
305,adidas Originals,STAN SMITH - Trainers - core black, £89.95
306,adidas Performance,DURAMO - Neutral running shoes - grey two/footwear white/grey six, From £44.95
307,adidas Performance,COPA GLORO 20.2 FG - Moulded stud football boots - core black/dough solid grey, From £84.95
308,adidas Performance,X GHOSTED.3 FOOTBALL BOOTS FIRM GROUND - Moulded stud football boots - core black/grey six, From £59.99
309,adidas Originals,ZX FLUX UNISEX - Trainers - footwear white/scarlet, £79.99
310,adidas Performance,X9000L3 SHOES - Stabilty running shoes - black, £89.95
311,adidas Originals,OZWEEGO BIG LOGO UNISEX - Trainers - core black/solar red/grey two, £89.95
312,adidas Performance,COLL3CTIV3 2020 LOW - Basketball shoes - core black/footwear white, £89.95
313,adidas Performance,X GHOSTED.3 FOOTBALL BOOTS FIRM GROUND - Moulded stud football boots - energy ink/signal green, £74.95
314,adidas Performance,ULTRABOOST 20 PRIMEKNIT RUNNING SHOES - Neutral running shoes - dash grey/grey five/solar red, £127.99
315,adidas Originals,CONTINENTAL 80 SPORTS INSPIRED SHOES UNISEX - Trainers - footwear white/core black, £80.99
316,adidas Performance,PREDATOR 20.3 FOOTBALL TURF - Astro turf trainers - core black/clear black/dough solid grey, From £59.49
317,adidas Performance,X GHOSTED.3 FOOTBALL BOOTS FIRM GROUND - Moulded stud football boots - core black/metallic gold/grey two, From £59.99
318,adidas Performance,PREDATOR 20.3 FOOTBALL BOOTS TURF - Astro turf trainers - footwear white/gold/core black, From £59.99
319,adidas Originals,ADIDAS ORIGINALS  X PHARRELL WILLIAMS BOOST SLIDES - Pool slides - orange, £45.00
320,adidas Originals,ZX 2K FLUX UNISEX - Trainers - footwear white/grey one, £71.99
321,adidas Performance,DEFIANT GENERATION  - Multicourt tennis shoes - footwear white/core black, £72.24
322,adidas Performance,ULTRABOOST PB - Neutral running shoes - core black/silver metallic/signal green, From £159.95
323,adidas Performance,SUPERNOVA+ SHOES - Neutral running shoes - blue, £99.95
324,adidas Performance,Basketball shoes - cblack/scarle/grefiv, £119.95
325,adidas Performance,GALAXAR RUN - Neutral running shoes - core black/blue, £55.99
326,adidas Performance,ADIZERO CLUB - Multicourt tennis shoes - core black/silver metallic/grey two, £53.99
327,adidas Performance,TERREX SWIFT R2 GORE-TEX - Hiking shoes - core black/dough solid grey/signal green, £107.99
328,adidas Performance,TERREX TWO PARLEY - Trail running shoes - crystal white/core black/solid red, £97.49
329,adidas Performance,COPA 20.3 TF - Astro turf trainers - core black/solid grey, £50.99
330,adidas Originals,NITE JOGGER SHOES - Trainers - black, £99.95
331,adidas Performance,ENERGYFALCON CLOUDFOAM RUNNING SHOES - Neutral running shoes - core black/grey six/footwear white, £59.95
332,adidas Originals,ADILETTE LITE - Mules - scarle/ftwwht/scarle, From £20.79
333,adidas Originals,ZX 500 UNISEX - Trainers - collegiate navy/grey three/tech indigo, £74.95
334,adidas Performance,PRO BOOST - Basketball shoes - white, £89.95
335,adidas Originals,YUNG-1 SHOES - Trainers - green, £89.24
336,adidas Performance,NEMEZIZ 19.3 TURF BOOTS - Astro turf trainers - green, £84.95
337,adidas Performance,TERREX AGRAVIC TR GORE-TEX TRAIL RUNNING SHOES - Trail running shoes - black, £84.95
338,adidas Performance,RUNFALCON - Neutral running shoes - active red/footwear white/core black, £34.39
339,adidas Performance,FOOTBALL BOOTS FIRM GROUND - Moulded stud football boots - footwear white/silver metallic/core black, From £67.99
340,adidas Performance,NEMEZIZ 19.4 FXG - Moulded stud football boots - core black/utility black, £42.99
341,adidas Performance,GALAXY  - Neutral running shoes - footwear white/core black, £42.99
342,adidas Performance,COPA 20.3 FOOTBALL TURF - Astro turf trainers - royal blue/silver metallic/core black, From £50.99
343,adidas Performance,SOLAR GLIDE BOOST SHOES - Neutral running shoes - core black/silver metallic/signal green, From £119.95
344,adidas Performance,ESSENCE - Handball shoes - legend ink/signal cyan/signal green, £37.49
345,adidas Originals,3MC SLIP - Trainers - black, £49.95
346,adidas Performance,SPEEDCOURT INDOOR SPORTS - Volleyball shoes - legend blue/footwear white/legend ink, £42.99
347,adidas Performance,COPA 20.3 IN SALA - Indoor football boots - core black/dough solid grey, £50.99
348,adidas Performance,X9000L3 BOOST COLD.RDY SPORTS RUNNING SHOES - Neutral running shoes - grey three/metallic silver/core black, £87.99
349,adidas Performance,RUNFALCON CLASSIC SPORTS RUNNING SHOES - Neutral running shoes - royal blue/footwear white/core black, £34.39
350,adidas Performance,ALPHABOOST - Neutral running shoes - footwear white/super color, £83.99
351,adidas Performance,ASWEETRAIN - Sports shoes - core black/grey six/grey, £54.95
352,adidas Originals,ZX FLUX SHOES - Trainers - grey/ white/blue, £74.95
353,adidas Performance,RUNFALCON 2.0 SHOES - Neutral running shoes - black, £44.95
354,adidas Performance,ADIZERO ADIOS  - Competition running shoes - core black/signal green, From £103.99
355,adidas Originals,SUPERSTAR  - Trainers - footwear white/team royal blue, £37.95
356,adidas Originals,STAN SMITH VEGAN SPORTS INSPIRED SHOES UNISEX - Trainers - footwear white/green, £74.95
357,adidas Originals,LACOMBE TERRACE SPORTS INSPIRED SHOES - Trainers - offwhite, From £71.24
358,adidas Performance,TERREX SKYCHASER LT HIKING SHOES - Hiking shoes - grey, £109.95
359,adidas Performance,D.O.N. ISSUE #2 SHOES - Basketball shoes - black, £84.95
360,adidas Performance,PREDATOR 20.4 IN SALA - Indoor football boots - core black/dough solid grey, £44.99
361,adidas Performance,COPA 20.3 FG - Moulded stud football boots - core black/grey, From £53.99
362,adidas Performance,SL20 SUMMER READY  - Neutral running shoes - sky tint/footwear white/grey three, £83.99
363,adidas Performance,NEMEZIZ 19.3 MG - Moulded stud football boots - footwear white/core black/signal green, £74.95
364,adidas Performance,NEMEZIZ 19.1 FOOTBALL BOOTS SOFT GROUND - Screw-in stud football boots - signal coral/core black/glow red, From £134.99
365,adidas Performance,SUPER SALA - Indoor football boots - core black/footwear white/solar green, From £44.95
366,adidas Performance,HARDEN STEPBACK - Basketball shoes - core black/team light blue/collegiate royal, From £67.99
367,adidas Performance,TERREX FREE HIKER - Hiking shoes - core black/grey six/active orange, £169.95
368,adidas Originals,ADILETTE 3.0 - Sandals - footwear white/core black, £41.99
369,adidas Performance,X 19.3 FIRM GROUND BOOTS - Moulded stud football boots - white, £74.95
370,adidas Originals,"NITE JOGGER SHOES - Trainers - red, silver, red", £109.95
371,adidas Performance,TERREX SKYCHASER LT HIKING SHOES - Hiking shoes - blue, £91.99
372,adidas Originals,BOOST SHOES - Trainers - white, £84.95
373,adidas Performance,COPA 20.3 MG - Astro turf trainers - royal blue/silvermetallic, From £47.99
374,adidas Performance,COPA 20.3 FOOTBALL SHOES INDOOR - Indoor football boots - royal blue/silver metallic, From £47.99
375,adidas Performance,X GHOSTED.1 - Screw-in stud football boots - green, £179.95
376,adidas Performance,TOP SALA - Indoor football boots - glory blue/footwear white/team royal blue, From £45.49
377,adidas Performance,NEMEZIZ 19.3 FOOTBALL BOOTS MULTI GROUND - Moulded stud football boots - signal coral/core black/glow red, From £59.49
378,adidas Performance,Stabilty running shoes - blue, £44.95
379,adidas Performance,RUNFALCON - Neutral running shoes - tech indigo/solar gold/signal cyan, £34.39
380,adidas Performance,ENERGYFALCON SHOES - Neutral running shoes - blue, From £38.49
381,adidas Performance,X GHOSTED.3 FOOTBALL BOOTS MULTI GROUND - Moulded stud football boots - footwear white/metallic gold/silver metallic, £69.95
382,adidas Performance,TERREX FREE HIKER BLUE HIKING SHOES - Neutral running shoes - green, £169.95
383,adidas Performance,HARDEN STEPBACK - Basketball shoes - core black/grey two/glow mint, From £67.99
384,adidas Originals,CONTINENTAL 80 UNISEX - Trainers - footwear white/core black, From £62.99
385,adidas Originals,SL 7200 SHOES - Trainers - white, £74.95
386,adidas Performance,SUPER SALA - Indoor football boots - shopnk/ftwwht/shopnk, £44.95
387,adidas Performance,X GHOSTED.3 FOOTBALL TURF - Astro turf trainers - energy ink/signal green, From £74.95
388,adidas Originals,CONTINENTAL VULC  - Trainers - cblack/ftwwht/cblack, £64.95
389,adidas Performance,SL20 SHOES - Stabilty running shoes - white, £99.95
390,adidas Performance,FREE HIKER BOOST PRIMEKNIT SHOES - Hiking shoes - legend gold/sand/core black, £127.49
391,adidas Performance,NEMEZIZ 19.3 LL FG - Moulded stud football boots - signal coral/core black/solar red, From £59.99
392,adidas Performance,NEMEZIZ 19.2 FG - Moulded stud football boots - core black/utility black, £87.99
393,adidas Performance,X GHOSTED.3 FOOTBALL BOOTS SOFT GROUND - Screw-in stud football boots - signal green/energy ink, £69.95
394,adidas Performance,X GHOSTED.3 FOOTBALL BOOTS FIRM GROUND - Moulded stud football boots - core black/grey six, £55.99
395,adidas Originals,NITE JOGGER SHOES - Trainers - grey, £109.95
396,adidas Originals,SUPERSTAR SHOES - Trainers - white, £79.95
397,adidas Performance,Pool slides - blue, £17.95
398,adidas Originals,ADIDAS ORIGINALS  X PHARRELL WILLIAMS BOOST SLIDES - Pool slides -  pink, £45.00
399,adidas Performance,SUPER SALA - Indoor football boots - solar gold/collegiate navy/glory grey, £40.49
400,adidas Originals,ULTRABOOST DNA UNISEX - Trainers - footwear white/core black, £139.95
401,adidas Performance,PREDATOR 20.3 FOOTBALL BOOTS TURF - Astro turf trainers - footwear white/silver metallic/core black, £59.49
402,adidas Performance,SUPERNOVA SHOES - Neutral running shoes - grey, £84.95
403,adidas Performance,ULTRABOOST C.RDY - Neutral running shoes - core black/signal organge/legend gold, £159.95
404,adidas Originals,ZX 500 UNISEX - Trainers - grey four/grey six/grey three, £74.95
405,adidas Performance,NEMEZIZ 19.3 TURF BOOTS - Sports shoes - black, From £63.74
406,adidas Performance,ADIZERO DISCUS / HAMMER SHOES - Stabilty running shoes - pink, £99.95
407,adidas Performance,PREDATOR MUTATOR 20.3 MULTI-GROUND BOOTS - Moulded stud football boots - green, £74.95
408,adidas Performance,ULTRABOOST PB DNA SPORTS RUNNING SHOES - Neutral running shoes - glow blue/core white/solar red, £159.95
409,adidas Originals,ZX 2K BOOST - Trainers - footwear white/solid red/blue, £74.95
410,adidas Originals,SUPER COURT UNISEX - Trainers - footwear white/core black, £74.95
411,adidas Performance,TOP SALA - Indoor football boots - signal pink/footwear white/team royal blue, From £55.24
412,adidas Performance,PREDATOR 20.3 MG - Moulded stud football boots - footwear white/core black/pop, From £59.99
413,adidas Performance,D ROSE 11 SHOES - Basketball shoes - red, £119.95
414,adidas Performance,TOP SALA - Indoor football boots - footwear white/signal green, From £48.74
415,adidas Performance,GALAXY  - Neutral running shoes - legend green/core black/legend earth, £42.99
416,adidas Performance,Neutral running shoes - core black/solar yellow, £99.95
417,adidas Performance,TOP SALA - Indoor football boots - solar yellow/footwear white/glow blue, £64.95
418,adidas Performance,ADIZERO HIGH JUMP SPIKES - Neutral running shoes - pink, £99.95
419,adidas Performance,HARDEN STEPBACK SHOES - Basketball shoes - grey, £74.95
420,adidas Performance,SOLAR GLIDE BOOST SHOES - Neutral running shoes - blue/white/orange, £119.95
421,adidas Performance,SOLAR GLIDE BOOST SHOES - Neutral running shoes - footwear white/core black/signal green, From £95.99
422,adidas Performance,SUPERNOVA  - Neutral running shoes - grey three/core black/blue oxid, £99.95
423,adidas Performance,D.O.N. ISSUE #2 SHOES - Basketball shoes - white, £84.95
424,adidas Performance,Neutral running shoes - cblack/cblack/siggnr, From £69.99
425,adidas Originals,Trainers - black, £84.95
426,adidas Performance,SUPERNOVA+ SHOES - Stabilty running shoes - yellow, £99.95
427,adidas Performance,ADIZERO XC SPRINT SHOES - Stabilty running shoes - pink, £69.95
428,adidas Performance,COPA 20.1 FOOTBALL FIRM GROUND - Moulded stud football boots - core black/signal green, From £144.49
429,adidas Performance,Basketball shoes - siggnr/cblack/siggnr, £119.95
430,adidas Performance,SUPERNOVA - Neutral running shoes - solar yellow/silver metallic/core black, £84.95
431,adidas Performance,RUNFALCON 2.0 - Neutral running shoes - footwear white/silver metallic/solar red, £47.99
432,adidas Performance,RUNFALCON 2.0 - Neutral running shoes - footwear white/silver metallic, £47.99
433,adidas Performance,RUNFALCON 2.0 - Neutral running shoes - cblack/ftwwht/gresix, £44.95
434,adidas Performance,ULTRABOOST 20 SHOES - Neutral running shoes - white, £159.95
435,adidas Originals,A.R. TRAINER - Trainers - core black/footwear white, £37.50
436,adidas Originals,U_PATH RUN - Trainers - core black/ash grey, £69.95
437,adidas Originals,TEAM COURT - Trainers - footwear white/royal blue/scarlet, From £45.49
438,adidas Performance,X GHOSTED.3 MULTI-GROUND BOOTS - Moulded stud football boots - green, £69.95
439,adidas Originals,YUNG-96 CHASM TORSION SYSTEM RUNNING-STYLE - Trainers - legend ink/collegiate navy/hi res aqua, £84.95
440,adidas Performance,ADIZERO BOUNCE SPORTS RUNNING SHOES - Competition running shoes - core black/footwear white/signal green, £59.49
441,adidas Originals,PW TENNIS HU - Trainers - footwear white/scarlet/calk white, £62.99
442,adidas Originals,SUPERSTAR SPORTS INSPIRED SHOES UNISEX - Trainers - footwear white/team royal blue, £62.99
443,adidas Performance,ADIZERO BOUNCE SPORTS RUNNING SHOES - Competition running shoes - signal pink/core black/footwear white, £59.49
444,adidas Performance,ADIZERO BOUNCE SPORTS RUNNING SHOES - Competition running shoes - core black/signal green, £67.99
445,adidas Performance,TERREX TWO PARLEY TRAIL RUNNING SHOES - Trail running shoes - gold, £129.95
446,adidas Originals,SUPERSTAR - Trainers - white, £79.95
447,adidas Originals,RIVALRY SPORTS INSPIRED SHOES UNISEX - Trainers - footwear white/orbit grey/gold, £40.00
448,adidas Performance,Spikes - pink, £59.95
449,adidas Performance,ADIZERO AVANTI SPIKES - Spikes - pink, £99.95
450,adidas Performance,SPRINTSTAR SPIKES - Spikes - black, £59.95
451,adidas Performance,SPRINTSTAR SPIKES - Spikes - pink, £59.95
452,adidas Performance,ADIZERO TRIPLE JUMP / POLE VAULT SPIKES - Competition running shoes - pink, £99.95
453,adidas Performance,ADIZERO AMBITION SPIKES - Spikes - pink, £74.95
454,adidas Performance,JUMPSTAR SPIKES - Spikes - pink, £59.95
455,adidas Performance,COPA 20.1 FOOTBALL FIRM GROUND - Moulded stud football boots - clear black/signal orange/energy ink, £169.95
456,adidas Performance,NEMEZIZ MESSI 19.3 TF - Astro turf trainers - team royal blue/silver metallic/solar yellow, £69.95
457,adidas Performance,PREDATOR 20.3 FG - Moulded stud football boots - core black/ solid grey, From £52.49
458,adidas Performance,COPA 20.4 FOOTBALL BOOTS FIRM GROUND - Moulded stud football boots - royal blue/footwear white, £34.19
459,adidas Originals,NMD_R1 SHOES - Stabilty running shoes - white, £109.95
460,adidas Originals,STAN SMITH - Trainers - footwear white/lush red, £62.99
461,adidas Performance,GALAXAR RUN SHOES - Stabilty running shoes - white, £55.99
462,adidas Originals,PW TENNIS HU - Trainers - footwear white/core white, From £67.49
463,adidas Originals,ZX UNISEX - Trainers - core black/blue/red, £62.99
464,adidas Performance,N3XT L3V3L 2020 SHOES - Basketball shoes - pink, £129.95
465,adidas Originals,STAN SMITH SPORTS INSPIRED SHOES UNISEX - Trainers - footwear white/gold metallic, £62.99
466,adidas Performance,NEMEZIZ 19.3 TF - Astro turf trainers - shock pink/core black, From £55.99
467,adidas Performance,GALAXAR RUN - Neutral running shoes - royal blue/footwear white/core black, £55.99
468,adidas Performance,NEMEZIZ 19.3 FG - Moulded stud football boots - signal coral/core black/glory red, From £55.99
469,adidas Originals,CONTINENTAL 80 VEGAN - Trainers - footwear white/collegiate navy/scarlet, £62.99
470,adidas Performance,NEMEZIZ 19.3 FOOTBALL BOOTS TURF - Astro turf trainers - signal coral/core black/solar red, From £63.74
471,adidas Performance,SOLAR GLIDE BOOST SHOES - Neutral running shoes - signal pink/core black/copper metallic, From £95.99
472,adidas Performance,NEMEZIZ 19.3 TF - Astro turf trainers - core black/utility black, From £69.95
473,adidas Originals,CONTINENTAL  - Trainers - footwear white/clear green/scarlet, £37.50
474,adidas Performance,Neutral running shoes - signal pink/core black/footwear white, From £69.99
475,adidas Performance,Basketball shoes - ftwwht/sogold/tecind, £119.95
476,adidas Performance,ULTRABOOST A.RDY - Neutral running shoes - core black/signal green, £159.95
477,adidas Performance,NEMEZIZ FOOTBALL BOOTS FIRM GROUND - Moulded stud football boots - core black/utility black, From £59.49
478,adidas Performance,PRO BOOST MID SHOES - Basketball shoes - black, £99.95
479,adidas Performance,N3XT L3V3L - Basketball shoes - cwhite/cwhite/skytin, £129.95
480,adidas Performance,ADIZERO XC SPRINT SHOES - Neutral running shoes - blue, £69.95
481,adidas Performance,SUPERNOVA  - Neutral running shoes - core black/iron metallic, £99.95
482,adidas Originals,YUNG-96 CHASM TORSION SYSTEM RUNNING-STYLE - Trainers - grey four/scarlet/silver metallic, £84.95
483,adidas Originals,X9000L3 BOOST SPORTS RUNNING SHOES UNISEX - Trainers - footwear white/crystal white/grey, £52.50
484,adidas Performance,COPA 20.3 FOOTBALL BOOTS FIRM GROUND - Moulded stud football boots - royal blue/silver metallic, From £44.99
485,adidas Performance,STABIL NEXT GEN - Handball shoes - footwear white/core black, £119.95
486,adidas Performance,THROWSTAR - Neutral running shoes - pink, £59.95
487,adidas Performance,ENERGYFALCON SHOES - Stabilty running shoes - black/white/grey, £54.95
488,adidas Performance,FOOTBALL FIRM GROUND - Moulded stud football boots - core black/shock pink, From £152.99
489,adidas Performance,NOVA FLOW - Neutral running shoes - footwear white/grey six, £44.95
490,adidas Performance,SOLAR BLAZE SHOES - Neutral running shoes - blue, £69.95
491,adidas Performance,ULTRABOOST 20 DNA - Neutral running shoes - dash grey/silver metallic/halo silver, £159.95
492,adidas Performance,FIVE TEN SLEUTH DLX MOUNTAIN BIKE SHOES - Cycling shoes - grey, £99.95
493,adidas Performance,ULTRABOOST 20 SHOES - Stabilty running shoes - white, £159.95
494,adidas Originals,CONTINENTAL 80 UNISEX - Trainers - footwear white/scarlet, £45.00
495,adidas Originals,SEELEY - Skate shoes - ash/footwear white/core black, From £53.99
496,adidas Performance,X GHOSTED.2 FOOTBALL BOOTS FIRM GROUND - Moulded stud football boots - core black/grey six, From £87.99
497,adidas Originals,USA 84 - Trainers - core burgundy/footwear white/blue, From £64.95
498,adidas Performance,SOLAR BOOST 19 - Neutral running shoes - glow blue/footwear white/signal green, From £125.99
499,adidas Performance,FORCEBOUNCE - Handball shoes - core black/footwear white/solar red, From £84.95
500,adidas Performance,TERREX SWIFT R2 GTX - Hiking shoes - core black/acid mint, From £119.95
501,adidas Performance,X GHOSTED.2 FOOTBALL BOOTS FIRM GROUND - Moulded stud football boots - footwear white/metallic gold/core black, From £87.99
502,adidas Originals,TEAM COURT - Trainers - footwear white/collegiate burgundy/glow, £35.00
503,adidas Originals,GAZELLE - Trainers - cburgu/ftwwht/ftwwht, From £63.74
504,adidas Originals,YUNG-1 - Trainers - core black/hi-res yellow, £89.95
505,adidas Performance,PREDATOR 20.3 FOOTBALL BOOTS FIRM GROUND - Moulded stud football boots - footwera white/gold metallic/core black, From £59.99
506,adidas Performance,ULTRABOOST PB SHOES - Trail running shoes - black, £159.95
507,adidas Performance,Hiking shoes - black, £169.95
508,adidas Originals,CONTINENTAL 80 PRIMEGREEN VEGAN - Trainers - footwear white/offwhite/green, From £50.99
509,adidas Originals,SUPERSTAR SPORTS INSPIRED SHOES - Trainers - footwear white/scarlet, From £71.99
510,adidas Performance,ULTRABOOST 20 DNA - Neutral running shoes - core black/iron metallic/football blue, £159.95
511,adidas Performance,NEMEZIZ FOOTBALL BOOTS FIRM GROUND - Moulded stud football boots - grey two/solar orange/core white, £69.95
512,adidas Originals,PW TENNIS HU - Trainers - footwear white/offwhite/collegiate green, £62.99
513,adidas Performance,TERREX FREE HIKER HIKING SHOES - Hiking shoes - grey, £169.95
514,adidas Performance,PREDATOR 20.2 FG - Moulded stud football boots - core black/dough solid grey, From £119.95
515,adidas Performance,ADIZERO XC SPRINT SHOES - Neutral running shoes - black, £69.95
516,adidas Performance,DISTANCESTAR SPIKES - Trail running shoes - black, £59.95
517,adidas Performance,ADIZERO BOSTON 9 M - Stabilty running shoes - cblack/cblack/siggnr, £119.95
518,adidas Performance,CLIMACOOL VENTO SHOES - Stabilty running shoes - pink, £119.95
519,adidas Performance,X GHOSTED.3 FOOTBALL SHOES INDOOR - Indoor football boots - footwear white/metallic gold, From £69.95
520,adidas Performance,ADIZERO BOSTON 9 SHOES - Neutral running shoes - white, £119.95
521,adidas Performance,NEMEZIZ MESSI 19.3 FG - Moulded stud football boots - team royal blue/silver metallic/solar yellow, £69.95
522,adidas Originals,PW TENNIS HU - Trainers - core black/core white, From £63.74
523,adidas Performance,X GHOSTED.3 FOOTBALL SHOES INDOOR - Indoor football boots - signal green/energy ink, From £69.95
524,adidas Originals,BASKET PROFI UNISEX - Trainers - footwear white/royal blue/gold metallic, £40.00
525,adidas Originals,SABALO SHOES - Skate shoes - green, £59.95
526,adidas Performance,COPA GLORO 20.2 FOOTBALL BOOTS FIRM GROUND - Moulded stud football boots - royal blue/silver metallic, £67.99
527,adidas Performance,COPA 20.3 FG - Moulded stud football boots - footwear white/core black/signal green, From £47.99
528,adidas Performance,NEMEZIZ 19.3 INDOOR BOOTS - Trainers - black, From £74.95
529,adidas Originals,SUPERSTAR SHOES - Trainers - white, £84.95
530,adidas Performance,ADILETTE AQUA  - Pool slides - black, £17.95
531,adidas Performance,Sports shoes - white, £99.95
532,adidas Performance,ULTRABOOST 4.0 DNA SHOES - Neutral running shoes - grey, £139.95
533,adidas Performance,GALAXY  - Neutral running shoes - legend blue/footwear white/signal green, £34.39
534,adidas Originals,ZX 2K BOOST - Trainers - core black/shock pink, £74.95
535,adidas Originals,RETROSET - Trainers - scarlet/footwear white/core black, £40.00
536,adidas Performance,ADIZERO ADIOS 5 - Neutral running shoes - glowblue/footwear white/solar red, £129.95
537,adidas Performance,COPA 20.1 FOOTBALL FIRM GROUND - Moulded stud football boots - royal blue/silver metallic, From £169.95
538,adidas Performance,NEMEZIZ 19.4 TF - Astro turf trainers - core black/utility black, £36.54
539,adidas Performance,HANDBALL SPEZIAL - Handball shoes - core black, From £63.74
540,adidas Performance,ULTRABOOST SUMMER.RDY SHOES - Neutral running shoes - white, From £159.95
541,adidas Originals,ZX FLUX - Trainers - ftwr white, £74.95
542,adidas Performance,FIVE TEN SLEUTH DLX MOUNTAIN BIKE SHOES - Cycling shoes - white, £99.95
543,adidas Performance,NEMEZIZ 19.2 FG - Moulded stud football boots - signal coral/core black/glow red, From £87.99
544,adidas Performance,FOOTBALL BOOTS FIRM GROUND - Moulded stud football boots - signal green/core black/, £84.95
545,adidas Originals,SAMBA VEGAN - Trainers - footwear white/core black, From £67.99
546,adidas Originals,SWIFT UNISEX - Trainers - core black, From £63.99
547,adidas Performance,FOOTBALL FIRM GROUND - Moulded stud football boots - signal green/footwear white/clear black, £179.95
548,adidas Performance,NEMEZIZ 19.3 FG - Moulded stud football boots - signal green/core black/royal blue, £74.95
549,adidas Performance,PREDATOR 20.2 FG - Moulded stud football boots - ftwwht/cblack/pop, £119.95
550,adidas Performance,NEMEZIZ 19.3 IN - Indoor football boots - core black/utility black, From £52.49
551,adidas Performance,ADIZERO PRIME SPRINT SPIKES - Spikes - pink, £199.95
552,adidas Performance,ADIZERO FINESSE SPIKES - Spikes - pink, £139.95
553,adidas Performance,FIVE TEN SLEUTH DLX MOUNTAIN BIKE SHOES - Cycling shoes - black, £99.95
554,adidas Performance,NEMEZIZ 19.1 AG - Moulded stud football boots - signal coral/core black/red, £152.99
555,adidas Performance,PREDATOR 20.3 FOOTBALL SHOES INDOOR - Indoor football boots - footwear white/silver metallic/core black, From £76.49
556,adidas Performance,COPA GLORO 19.2 FG - Moulded stud football boots - solar yellow/core black, £84.95
557,adidas Performance,SOLAR GLIDE BOOST RUNNING SHOES - Neutral running shoes - grey five/silver metallic/signal green, From £119.95
558,adidas Performance,FORCEBOUNCE - Handball shoes - core royal/signal green/footwear white, From £72.24
559,adidas Performance,N3XT L3V3L 2020 SHOES - Basketball shoes - white, £129.95
560,adidas Performance,ULTRABOOST PB SHOES - Competition running shoes - blue, £159.95
561,adidas Originals,SEELEY XT - Trainers - black, £54.95
562,adidas Originals,ZX 2K 4D UNISEX - Trainers - core black, £159.95
563,adidas Originals,ADILETTE - Pool slides - adiblu/white, From £24.79
564,adidas Performance,ADIZERO MIDDLE DISTANCE SPIKES - Spikes - pink, £139.95
565,adidas Performance,ADIZERO BOSTON 9 M - Stabilty running shoes - cblack/silvmt/sigorg, £119.95
566,adidas Performance,ULTRABOOST 4.0 DNA - Trainers - blue, £139.95
567,adidas Performance,ADIZERO BOSTON 9 M - Stabilty running shoes - signal pink/core black/copper metallic, From £119.95
568,adidas Performance,ADIZERO ADIOS 5 SHOES - Neutral running shoes - pink, £129.95
569,adidas Originals,SL 7200 SHOES - Trainers - grey, £74.95
570,adidas Performance,PREDATOR 20.2 FOOTBALL BOOTS FIRM GROUND - Moulded stud football boots - footwear white/silver metallic/core black, From £101.99
571,adidas Performance,GAMECOURT BARRICADE CLOUDFOAM TENNIS SHOES - Multicourt tennis shoes - footwear white/core black/grey one, £42.49
572,adidas Originals,ADILETTE - Pool slides - blue/white, From £19.99
573,adidas Originals,AMERICANA - High-top trainers - footwear white/collegiate royal/scarlet, £69.95
574,adidas Performance,PREDATOR 20.3 IN - Indoor football boots - core black/dough solid grey, From £63.74
575,adidas Performance,ADIZERO TAKUMI SEN 6 - Competition running shoes - signal pink/core black/copper metallic, £139.99
576,adidas Performance,X GHOSTED.1 INDOOR BOOTS - Indoor football boots - white, £99.95
577,adidas Performance,TERREX FREE HIKER HIKING SHOES - Hiking shoes - green, £169.95
578,adidas Performance,ADIZERO LONG JUMP SPIKES - Stabilty running shoes - pink, £139.95
579,adidas Performance,ADIZERO JAVELIN SPIKES - Spikes - pink, £139.95
580,adidas Performance,ADIZERO FINESSE SPIKES - Spikes -  black, £139.95
581,adidas Performance,ADIZERO BOSTON 8 SHOES - Competition running shoes - green, £119.95
582,adidas Originals,Trainers - ftwr white/grey three/ftwr white, £64.95
583,adidas Performance,ADIZERO BOSTON 8 - Competition running shoes - glow blue/white/trace blue, £119.95
584,adidas Performance,PREDATOR 20.3 FOOTBALL SHOES INDOOR - Indoor football boots - footwear white/gold metallic/core black, From £56.24
585,adidas Performance,TERREX SWIFT R2 MID GTX TRAIL LAUFSCHUH DAMEN - Trail running shoes - core black, £139.95
586,adidas Originals,SWIFT RUN - Trainers - conavy/ftwwht/cblack, £67.99
587,adidas Performance,ADILETTE - Pool slides - footwear white/core black, From £21.95
588,adidas Originals,TEAM COURT - Trainers - ftwwht/cblack/ftwwht, From £52.49
589,adidas Originals,ZX UNISEX - Trainers - footwear white/dark blue/red, £62.99
590,adidas Performance,ULTRABOOST 20 - Neutral running shoes - footwear white/sharp blue/true orange, £159.95
591,adidas Performance,X 19.1 FG - Moulded stud football boots - footwear white/core black/shock pink, £175.99
592,adidas Originals,SUPERCOURT UNISEX - Trainers - footwear white/green, £40.00
593,adidas Performance,X GHOSTED.4 FOOTBALL SHOES INDOOR - Indoor football boots - signal green/energy ink, £42.99
594,adidas Performance,NEMEZIZ .1 FOOTBALL BOOTS FIRM GROUND - Moulded stud football boots - energy ink/signal pink/signal green, £179.95
595,adidas Originals,DELPALA SHOES - Skate shoes - blue, £54.95
596,adidas Performance,STYCON BOUNCE SPORTS TENNIS SHOES - Multicourt tennis shoes - core black/night metallic/grey six, £101.99
597,adidas Performance,SOLAR GLIDE BOOST RUNNING SHOES - Neutral running shoes - conavy/sigorg/royblu, £119.95
598,adidas Performance,ADIZERO ADIOS 5 SHOES - Neutral running shoes - white, £129.95
599,adidas Performance,X 19.3 IN - Indoor football boots - legend green/solar orang/core white, £69.95
600,adidas Performance,X GHOSTED.1 FOOTBALL BOOTS FIRM GROUND - Moulded stud football boots - ftwwht/cblack/metgol, From £161.99
601,adidas Originals,3MC SHOES - Trainers - beige, From £54.99
602,adidas Performance,PREDATOR 20.3 FOOTBALL SHOES INDOOR - Indoor football boots - signal green/core black/footwear white, £67.49
603,adidas Performance,NEMEZIZ 19.3 FOOTBALL SHOES INDOOR - Indoor football boots - signal coral/core black/solar red, From £63.74
604,adidas Performance,X GHOSTED.3 FOOTBALL SHOES INDOOR - Indoor football boots - core black/grey six, From £55.99
605,adidas Originals,SWIFT RUN X SHOES - Trainers - red, £69.95
606,adidas Performance,ADIZERO ADIOS 5 SHOES - Stabilty running shoes - black, £129.95
607,adidas Performance,NEMEZIZ MESSI 19.1 FG - Moulded stud football boots - team royal blue/silver metallic/solar yellow, £179.95
608,adidas Originals,TOP TEN - High-top trainers - footwear white/clear white, From £63.99
609,adidas Performance,NEMEZIZ 19.3 FOOTBALL SHOES INDOOR - Indoor football boots - signal coral/core black/glory red, From £59.49
610,adidas Performance,KAISER 5 GOAL - Indoor football boots - black/running white, From £72.24
611,adidas Performance,PRO BOOST LOW SHOES - Trainers - white/red, £89.95
612,adidas Performance,PREDATOR 20.4 FOOTBALL BOOTS TURF - Astro turf trainers - core black/footwear white, £38.24
613,adidas Originals,ZX 2K FLUX SPORTS INSPIRED SHOES UNISEX - Trainers - grey one/core black/blue, £62.99
614,adidas Performance,SOLARGLIDE ST SHOES - Neutral running shoes - black, £119.95
615,adidas Originals,SPORTS INSPIRED SHOES - Trainers - black/white, From £71.99
616,adidas Performance,Moulded stud football boots - ftwr white/core black/pop, £179.95
617,adidas Originals,RIVALRY SPORTS INSPIRED SHOES UNISEX - Trainers - footwear white/crystal white/offwhite, £40.00
618,adidas Performance,FOOTBALL FIRM GROUND - Moulded stud football boots - ftwwht/goldmt/cblack, From £143.99
619,adidas Golf,ADICROSS RETRO - Golf shoes - core black/gold metallic/clear brown, £74.95
620,adidas Originals,SWIFT UNISEX - Trainers - footwear white, £40.00
621,adidas Performance,COPA 20.1 FG - Moulded stud football boots - footwear white/core black/signal green, From £149.99
622,adidas Performance,ADIPOWER WEIGHTLIFTING 2 SHOES - Trainers - black, £149.95
623,adidas Performance,ULTRABOOST 20 SHOES - Neutral running shoes - blue, £159.95
624,adidas Originals,TEAM COURT - Trainers - footwear white/collegiate green, £41.99
625,adidas Performance,SOLARGLIDE SHOES - Trainers - black, £119.95
626,adidas Performance,ULTRABOOST SUMMER.RDY SHOES - Trainers - white, £159.95
627,adidas Originals,RETROSET UNISEX - Trainers - footwear white/glow mint/offwhite, From £63.99
628,adidas Originals,RIVALRY SPORTS INSPIRED SHOES UNISEX - Trainers - footwear white/power blue/vivid red, £40.00
629,adidas Performance,NEMEZIZ 19.1 FG - Moulded stud football boots - signal coral/core black/red, From £152.99
630,adidas Performance,X GHOSTED.2 FOOTBALL BOOTS FIRM GROUND - Moulded stud football boots - signal green/energy ink/semi solar slime, £109.95
631,adidas Originals,BASKET PROFI - Trainers - navy/footwear white/gold metallic, From £51.99
632,adidas Performance,NEMEZIZ 19.1 FG - Moulded stud football boots - core black/signal orange, £179.95
633,adidas Performance,NEMEZIZ 19.1 FG - Moulded stud football boots - footwear white/core black/signal green, £179.95
634,adidas Originals,SWIFT UNISEX - Trainers - cblack/ftwwht/cblack, £69.95
635,adidas Originals,PW TENNIS HU - Trainers - footwear white/core white, £71.99
636,adidas Originals,SUPERSTAR SPORTS INSPIRED SHOES UNISEX - Trainers - footwear white/green/core black, From £71.99
637,adidas Originals,BASKET PROFI UNISEX - High-top trainers - footwear white/core black/grey three, From £67.99
638,adidas Originals,X9000L2 BOUNCE SHOES UNISEX - Trainers - core black/night metallic/grey three, £45.00
639,adidas Performance,RUNFALCON SHOES - Stabilty running shoes - grey, From £35.19
640,adidas Originals,CONTINENTAL 80 SPORTS INSPIRED SHOES UNISEX - Trainers - sand/raw desert, From £67.49
641,adidas Originals,NIZZA UNISEX - Trainers - footwear white/crystal white/core black, £40.00
642,adidas Performance,COPA 20.4 FG - Moulded stud football boots - core black/dough solid grey, £30.39
643,adidas Originals,RETROSET - Trainers - blue/footwear white/solar red, £47.99
644,adidas Originals,CONTINENTAL - Trainers - footwear white/collegiate navy, From £67.99
645,adidas Originals,PRO MODEL SHOES - Trainers - black, £69.95
646,adidas Originals,CONTINENTAL 80 SPORTS INSPIRED SHOES UNISEX - Trainers - footwear white/solid grey/offwhite, £45.00
647,adidas Performance,RUN 2.0 SHOES - Neutral running shoes - grey, £44.95
648,adidas Originals,"SWIFT RUN X SHOES - Trainers - white, black, white", £69.95
649,adidas Originals,SL 7200 SHOES - Trainers - grey, From £52.50
650,adidas Originals,SUPER COURT SPORTS INSPIRED SHOES - Trainers - footwear white/offwhite, £62.99
651,adidas Performance,CHINELO FLAMENGO ADILETTE SHOWER SLIDES - Pool slides - black, £21.95
652,adidas Originals,ADILETTE LITE - Mules - white, From £15.59
653,adidas Originals,ADILETTE 3.0 - Sandals - core black/footwear white, £30.00
654,adidas Originals,SPORTS INSPIRED SHOES - Trainers - ftwwht/cblack/ftwwht, £67.49
655,adidas Originals,X_PLR - Trainers - core black/footwear white, £71.99
656,adidas Performance,SOLARDRIVE 19 SHOES - Neutral running shoes - grey, £99.95
657,adidas Originals,CONTINENTAL 80 SPORTS INSPIRED SHOES UNISEX - Trainers - footwear white/collegiate navy, From £67.49
658,adidas Originals,SWIFT UNISEX - Trainers - conavy/ftwwht/cblack, £69.95
659,adidas Originals,ADILETTE UNISEX - Mules - pale nude/offwhite, £30.99
660,adidas Performance,X GHOSTED.4 FOOTBALL FIRM GROUND - Moulded stud football boots - core black/grey six, £34.39
661,adidas Performance,NEMEZIZ 19.4 FXG - Moulded stud football boots - signal coral/core black/solar red, £34.39
662,adidas Originals,BASKET PROFI - High-top trainers - core black/bold gold/footwear white, £63.99
663,adidas Golf,TOUR360 BOOST SPORTS GOLF SNEAKERS SHOES - Golf shoes - core black/iron metallic, From £139.95
664,adidas Originals,SWIFT UNISEX - Trainers - grethr/ftwwht/cblack, £69.95
665,adidas Originals,Trainers - ftwr white/team royal blue/ftwr white, £64.95
666,adidas Originals,BASKET PROFI - Trainers - collegiate green/footwear white/gold metallic, £63.99
667,adidas Originals,X9000L2 BOUNCE SHOES UNISEX - Trainers - footwear white/metallic silver/core black, £62.99
668,adidas Originals,SUPERSTAR SPORTS INSPIRED SHOES UNISEX - Trainers - core black/green/ftwr white, From £67.49
669,adidas Originals,SL 7200 SHOES - Trainers - black, £52.50
670,adidas Originals,MULTIX SHOES - Trainers - white, £69.95
671,adidas Performance,ADILETTE CLOUDFOAM PLUS STRIPES SLIDES - Slippers - black/white, £32.95
672,adidas Originals,SUPER COURT SPORTS INSPIRED SHOES UNISEX - Trainers - footwear white/gold metallic, £71.99
673,adidas Performance,ADILETTE UNISEX - Pool slides - scarlet/footwear white, £21.95
674,adidas Originals,ADILETTE UNISEX - Mules - legacy green/glory mint, £30.99
675,adidas Originals,SUPERCOURT SPORTS INSPIRED UNISEX - Trainers - footwear white/collegiate royal, £62.99
676,adidas Originals,TRAINER - Trainers - footwear white/scarlet/core black, £45.00
677,adidas Originals,SUPERCOURT - Trainers - legend earth/orange, From £55.99
678,adidas Originals,AMERICANA SPORTS INSPIRED MID SHOES UNISEX - High-top trainers - footwear white/glory blue/core black, £69.95
679,adidas Performance,X GHOSTED.4 FOOTBALL BOOTS TURF - Astro turf trainers - footwear white/core black/silver metallic, £38.69
680,adidas Originals,TOP TEN - High-top trainers - core black/footwear white/core white, From £67.99
681,adidas Golf,CHAOS BOOST TRAXION SHOES - Golf shoes - footwear white/core black/light flash orange, £139.99
682,adidas Originals,SUPERSTAR VEGAN - Trainers - core black/footwear white/gold metallic, From £71.99
683,adidas Performance,SUPER SALA - Indoor football boots - footwear white/signal coral/glow blue, From £33.74
684,adidas Originals,ADILETTE UNISEX - Mules - footwear white, £30.99
685,adidas Originals,SL 7200 PRIDE UNISEX - Trainers - footwear white/core black/core  royal, From £62.99
686,adidas Performance,EEZAY FLIP-FLOPS - T-bar sandals - black, £17.95
687,adidas Performance,X GHOSTED.4 FOOTBALL FIRM GROUND - Moulded stud football boots - footwear white/core black/silver metallic, £34.39
688,adidas Originals,ADI-EASE SHOES - Trainers - white, £54.95
689,adidas Originals,SUPERSTAR UNISEX - Trainers - footwear white/core black, From £71.99
690,adidas Originals,COAST STAR - Trainers - footware white/collegiate green, £64.95
691,adidas Originals,SUPERSTAR PURE - Trainers - footwear white/core white, £66.49
692,adidas Originals,SUPERCOURT - Trainers - footwear white/core black, £69.95
693,adidas Performance,PREDATOR 20.4 FOOTBALL SHOES INDOOR - Indoor football boots - core black/footwear white, £38.24
694,adidas Originals,RIVALRY SPORTS INSPIRED SHOES UNISEX - Trainers - footwear white/core black/offwhite, £63.99
695,adidas Originals,PRO MODEL UNISEX - High-top trainers - footwear white/royal blue/crystal white, £55.99
696,adidas Originals,ADI-EASE SHOES - Trainers - black, £54.95
697,adidas Originals,SUPERCOURT SHOES - Trainers - white, £69.95
698,adidas Originals,DELPALA SHOES - Trainers - white, £54.95
699,adidas Originals,MULTIX SHOES - Trainers - black, £69.95
700,adidas Performance,SUPER SALA - Indoor football boots - signal cyan/footwear white/signal pink, £35.99
701,adidas Originals,SUPERCOURT SHOES - Trainers - grey, £69.95
702,adidas Originals,ADILETTE - Pool slides - white/black, From £23.99
703,adidas Originals,MULTIX SHOES - Trainers - white, £69.95
704,adidas Performance,ULTRABOOST PB SHOES - Neutral running shoes - grey, £159.95
705,adidas Originals,STAN SMITH - Trainers - ftwwht/ftwwht/croyal, From £63.74
706,adidas Originals,DELPALA UNISEX - Trainers - footwear white/scarlet/royal blue, £54.95
707,adidas Originals,ADILETTE SLIDES - Slippers - blue, £29.95
708,adidas Originals,COAST STAR - Trainers - footwear white/collegiate royal/scarlet, £64.95
709,adidas Originals,ADILETTE - Mules - green, From £23.24
710,adidas Originals,SUPERCOURT SHOES - Trainers - white, £69.95
711,adidas Originals,BASKETBALL INSPIRED SPORTS MID SHOES - Trainers - footwear white/core black/gold, From £63.99
712,adidas Originals,SUPERCOURT - Trainers - footwear white/scarlet, From £51.99
713,adidas Originals,AMERICANA - Trainers - footwear white/collegiate royal/scarlet, From £55.24
714,adidas Originals,BASKET PROFI UNISEX - High-top trainers - footwear white/core black/gold metallic, £69.95
715,adidas Originals,SUPERCOURT SHOES - Trainers - white, £69.95
716,adidas Performance,NEMEZIZ 19.4 FOOTBALL SHOES INDOOR - Indoor football boots - signal coral/core black/solar red, £30.09
717,adidas Originals,BASKET PROFI - Trainers - black, £69.95
718,adidas Performance,COPA 20.4 IN - Indoor football boots - royal blue/footwear white, £30.39
719,adidas Originals,JOGGER - Trainers - grey, £69.95
720,adidas Originals,RIVALRY - Trainers - footwear white/core black, £40.00
721,adidas Originals,BASKET PROFI LO UNISEX - Trainers - footwear white/core black/gold metallic, From £54.95
722,adidas Performance,COPA 20.4 IN - Indoor football boots - core black/solid grey, £37.99
723,adidas Originals,JOGGER - Trainers - blue, £69.95
724,adidas Performance,NEMEZIZ 19.4 IN - Indoor football boots - core black/utility black, £38.69
725,adidas Originals,ADILETTE SLIDES - Pool slides - white, £29.95
726,adidas Performance,AQUA ADILETTE - Pool slides - white/black, £17.95
727,adidas Originals,Slippers - blue, £17.95
728,adidas Performance,ADILETTE COMFORT SLIDES - Pool slides - black, £32.95
729,adidas Performance,EEZAY FLIP-FLOPS - T-bar sandals - blue, £17.95
730,adidas Performance,AQUA - Pool slides - footwer white / platin metallic, £17.95
731,adidas Performance,ERREX FREE HIKER HIKING SHOES - Hiking shoes - beige, £87.50
732,adidas Originals,GAZELLE - Trainers - core black, From £59.99
733,adidas Originals,PHARRELL WILLIAMS CRAZY BYW  PRD - High-top trainers - super color, £125.99
734,adidas Performance,TERREX SWIFT R2 SHOES - Trainers - grey, £78.74
735,adidas Performance,TERREX AX3 - Hiking shoes - glow blue/legend ink/shock cyan, £76.49
736,adidas Performance,TERREX TRAILMAKER WINTER.RDY  - Hiking shoes - metallic grey/core black/legend earth, £109.99
737,adidas Performance,PREDATOR 20.4 FXG - Moulded stud football boots - core black/dough solid grey, £44.99
738,adidas Performance,TERREX TRAILMAKER - Hiking shoes - legend earth/core black, £84.99
739,adidas Originals,RIVALRY TR BOOTS BASKETBALL-STYLE SHOES - High-top trainers - core black, £74.99
740,adidas Performance,TERREX SWIFT SOLO - Climbing shoes - grey three/core black/legend gold, £72.24
741,adidas Performance,KAISER 5 CUP - Screw-in stud football boots - black/white/red, £55.99
742,adidas Originals,NMD_R1.V2 BOOST UNISEX - Trainers - cardboard/core black, £124.99
743,adidas Performance,adidas TERREX TRAILMAKER GORE-TEX WANDERSCHUHE - Hiking shoes - royal blue/core black/signal cyan, £99.99
744,adidas Originals,TERRACE SPORTS INSPIRED SHOES - Trainers - collegiate navy/legend gold, £89.99
745,adidas Performance,TERREX HERON MID WINTER HIKING SHOES - Hiking shoes - core black/grey four, £109.99
746,adidas Performance,PREDATOR 20.4 TF - Astro turf trainers - core black/dough solid grey, £44.99
747,adidas Originals,ULTRABOOST S&L - Trainers - grey two/light granite/grey four, £90.99
748,adidas Originals,"NMD_R1 SHOES - Trainers - black, orange, orange", £109.95
749,adidas Originals,HANDBALL SPEZIAL TERRACE SHOES UNISEX - Trainers - glow/blue, £89.99
750,adidas Originals,OZWEEGO - Trainers - black, £89.95
751,adidas Performance,KAISER 5 TEAM TF - Astro turf trainers - black/running white, From £59.49
752,adidas Performance,adidas TERREX TRAILMAKER MID COLD.RDY WANDERSCHUHE - Hiking shoes - metallic grey/clear black/legend earth, £119.99
753,adidas Performance,TERREX FOLGIAN HIKER - Hiking shoes - legend blue/core black/raw dessert, £50.00
754,adidas Originals,HAMBURG TERRACE - Trainers - grey core black gum, £74.95
755,adidas Performance,COPA GLORO 20.2 FOOTBALL SOFT GROUND - Screw-in stud football boots - core black/dough solid grey, From £59.49
756,adidas Originals,STAN SMITH - Trainers - running white/collegiate red, £35.00
757,adidas Performance,TERREX TWO GORE-TEX TRAIL RUNNING SHOES - Trail running shoes - black, £99.99
758,adidas Performance,PREDATOR 20.3 FOOTBALL BOOTS SOFT GROUND - Screw-in stud football boots - footwear white/gold metallic/core black, From £52.49
759,adidas Originals,PHARRELL WILLIAMS CONTINENTAL 80 - Trainers - ecru tint/cream white/clear brown, £83.99
760,adidas Originals,NMD_R1.V2 BOOST UNISEX - Trainers - core black/cardboard, £109.95
761,adidas Originals,ULTRABOOST DNA STAR WARS PRIMEKNIT RUNNING SHOES UNISEX - Trainers - trace cargo/core black/raw khaki, £143.99
762,adidas Performance,PREDATOR 20.4 FOOTBALL BOOTS FIRM GROUND - Moulded stud football boots - core black/footwear white, £35.99
763,adidas Originals,SUPERSTAR DISNEY STAR WARS SHOES UNISEX - Trainers - core black/scarlet, £89.24
764,adidas Originals,HAMBURG TERRACE - Trainers - green off white gum, £74.95
765,adidas Originals,ZX FLUX - Trainers - light granite, £74.95
766,adidas Performance,SUPERNOVA - Neutral running shoes - black, £84.95
767,adidas Originals,SUPERSTAR - Trainers - white/core black, From £74.99
768,adidas Originals,JEANS - Trainers - conavy/ashblue/gum, £89.99
769,adidas Originals,DISNEY STAR WARS STAN SMITH SHOES UNISEX - Trainers - chalk white/footwear white/bright blue, £104.99
770,adidas Originals,ULTRABOOST - Trainers - coreblack, £119.99
771,adidas Originals,USA 84 CLASSIC RUNNING SPORTS INSPIRED SHOES UNISEX - Trainers - footwear white/core black/solar red, £62.99
772,adidas Performance,SOLAR BOOST ST 19 - Stabilty running shoes - core black/grey five/solar orange, £70.00
773,adidas Performance,ADIZERO CLUB - Multicourt tennis shoes - sigal green/footwear white/tech indigo, £59.99
774,adidas Performance,TERREX FROZETRACK HIGH WINTER HIKING SHOES - Hiking shoes - core black/grey four, £129.99
775,adidas Performance,TERREX AX3 BETA CLIMAWARM HIKING SHOES - Hiking shoes - core black/grey five, £74.99
776,adidas Originals,ULTRABOOST DNA STAR WARS PRIMEKNIT RUNNING SHOES UNISEX - Trainers - white/footwear white/core black, £143.99
777,adidas Originals,NMD_R1 - Trainers - black, £109.95
778,adidas Originals,NMD_R1 - Trainers - footwear white/lush red/lush blue, £90.99
779,adidas Originals,STREETBALL - Trainers - footwear white/crystal white/alumina, £73.49
780,adidas Originals,JEANS - Trainers - carbon/grey one/core black, £63.74
781,adidas Performance,TERREX AX3 - Hiking shoes - legend green/core black/glow blue, £84.99
782,adidas Originals,ZX 500 SHOES - Trainers - blue, £74.95
783,adidas Originals,ZX - Trainers - core black tech emerald collegiate navy, £89.99
784,adidas Performance,TERREX JAWPAW II - Watersports shoes - black, £49.99
785,adidas Performance,TERREX TRAIL BEATER GORE-TEX HIKING SHOES - Trail running shoes - grey, £99.95
786,adidas Originals,NITE JOGGER - STAR WARS - Trainers - footwear white/core black, £109.95
787,adidas Originals,3MC - Slip-ons - core black/footwear white/gold metallic, £54.99
788,adidas Originals,NMD_R1 - Trainers - white, £109.95
789,adidas Performance,TERREX SWIFT SOLO - Climbing shoes - black/lead, £84.99
790,adidas Performance,FREE HIKER BOOST PRIMEKNIT SHOES - Hiking shoes - legend blue/solid grey/ash grey, £110.49
791,adidas Originals,CONTINENTAL 80 BAARA - Trainers - core black/glow red/orbit grey, £75.99
792,adidas Originals,NMD_R1 PRIDE - Trainers - footwear white, £109.95
793,adidas Originals,RIVALRY - Trainers - footwear white/core black, £47.99
794,adidas Performance,X 19.3 SG - Screw-in stud football boots - bright cyan/core black/shock pink, £55.99
795,adidas Performance,FREE HIKER BOOST PRIMEKNIT SHOES - Hiking shoes - grey/solid grey/solar red, £127.49
796,adidas Performance,X 19.2 FG - Moulded stud football boots - core black/utility black/ silver metallic, £60.49
797,adidas Performance,TERREX AX3 MID GORE-TEX - Hiking shoes - clear black/carbon, £119.99
798,adidas Originals,Trainers - crenav/creblu/goldmt, £74.95
799,adidas Originals,GAZELLE - Trainers - grey four/core black, From £69.95
800,adidas Originals,ZX 2K BOOST - Trainers - red/yellow/orange, £109.95
801,adidas Originals,NMD_R1 BOOST SPORTS INSPIRED SHOES - Trainers - footwear white, £87.49
802,adidas Performance,TERREX VOYAGER - Walking trainers - carbon/core black, £63.74
803,adidas Performance,TERREX AGRAVIC BOA - Trail running shoes - core black/grey one, £116.99
804,adidas Performance,TERREX SWIFT R2 GTX SHOES - Hiking shoes - grey/black, £106.24
805,adidas Originals,ZX 700 HD SHOES - Trainers - black, £89.99
806,adidas Performance,ROCKADIA TRAIL 3.0 - Trail running shoes - core black/bright metallic/grey six, £49.95
807,adidas Performance,TERREX SKYCHASER LT - Hiking shoes - grey three/grey one/active orange, £76.99
808,adidas Originals,CONTINENTAL 80 - Trainers - sesame/orange/raw white, £79.95
809,adidas Performance,ALPHATORSION - Neutral running shoes - footwear white/core black/power pink, £67.99
810,adidas Performance,TERREX TRAILMAKER MID HIKING SHOES - Hiking shoes - grey, £99.95
811,adidas Originals,NMD_R1 BOOST PRIMEKNIT SPORTS INSPIRED SHOES UNISEX - Trainers - footwear white/core black, £124.99
812,adidas Performance,PUREBOOST SENSEBOOST RUNNING SHOES - Neutral running shoes - grey five/aluminium/signal coral, £59.99
813,adidas Originals,STAN SMITH - Trainers - ftwwht/cblack/yellow, £74.95
814,adidas Originals,ADI-EASE - Trainers - black, £59.99
815,adidas Performance,TERREX TWO PARLEY - Trail running shoes - core black/grey three/true orange, £77.99
816,adidas Performance,TERREX SKYCHASER LT HIKING SHOES - Climbing shoes - blue, £114.99
817,adidas Originals,PHARRELL WILLIAMS STAN SMITH SHOES - Trainers - ecru tint/cream white/clear brown, £104.99
818,adidas Performance,TERREX TWO LIGHTSTRIKE RUNNING SHOES - Trail running shoes - hi-res aqua/core black/solar gold, £84.99
819,adidas Originals,NMD_R1.V2 - Trainers - footwear white/core black, £109.95
820,adidas Performance,SUPERNOVA - Neutral running shoes - grey/navy, £84.95
821,adidas Performance,TERREX SKYCHASER LT - Hiking shoes - core black/grey four, £98.99
822,adidas Performance,OWNTHEGAME - Basketball shoes - white/black, £54.99
823,adidas Performance,FLUIDSTREET - Sports shoes - legend ink/grey two/tech indigo, £49.99
824,adidas Performance,X GHOSTED FOOTBALL BOOTS SOFT GROUND - Screw-in stud football boots - footwear white/core black/metallic gold, £179.99
825,adidas Performance,TERREX AGRAVIC FLOW RUNNING - Trail running shoes - glow blue/core black, £95.99
826,adidas Performance,COURT TEAM BOUNCE - Handball shoes - grey two/signal coral/grey six, £55.99
827,adidas Originals,SUPERSTAR SPORTS INSPIRED SHOES UNISEX - Trainers - cargo/offwhite, £94.99
828,adidas Performance,TERREX SWIFT R2 HIKING SHOES - Hiking shoes - green, £83.99
829,adidas Originals,SUPERSTAR SPORTS INSPIRED SHOES UNISEX - Trainers - collegiate navy/offwhite, £94.99
830,adidas Performance,TERREX SKYCHASER MID GTX - Walking boots - grey four/core black/hi-res aqua, £149.99
831,adidas Performance,TERREX AGRAVIC - Trail running shoes - grey three/core black/orange, £69.99
832,adidas Originals,HANDBALL SPEZIAL TERRACE SHOES UNISEX - Trainers - scarlet/footwear white, £89.99
833,adidas Performance,ENERGYFALCON CLOUDFOAM RUNNING SHOES - Neutral running shoes - core black/footwear white, £51.99
834,adidas Performance,VENTICE - Neutral running shoes - core black/grey six/scarlet, £37.50
835,adidas Performance,RUNFALCON CLASSIC SPORTS RUNNING SHOES - Neutral running shoes - core black/glow grey, £42.99
836,adidas Performance,TERREX AGRAVIC GORE-TEX RUNNING - Trail running shoes - grey four/core black/orange, £84.99
837,adidas Performance,MUNDIAL TEAM - Astro turf trainers - black/running red/white, £63.74
838,adidas Performance,TERREX TWO PARLEY - Trail running shoes - shadow blue/core black/true orange, £110.49
839,adidas Performance,X GHOSTED.4 FOOTBALL BOOTS TURF - Astro turf trainers - core black/grey six, £42.99
840,adidas Performance,X GHOSTED.4 FOOTBALL BOOTS TURF - Astro turf trainers - core black/grey six, £42.99
841,adidas Performance,ADILETTE CLOUDFOAM PLUS LOGO SLIDES - Pool slides - blue/white, £32.95
842,adidas Performance,TERREX ADILETTE SLIDES - Pool slides - core black/footwear white, £42.99
843,adidas Performance,X 19.3 TF - Astro turf trainers - core black/utility black/silver metallic, £52.49
844,adidas Originals,YUNG-96 CHASM - Trainers - crystal white/footwear white, £84.95
845,adidas Originals,GAZELLE - Trainers - dgsogr/white/goldmt, From £69.95
846,adidas Performance,FLUIDSTREET - Sports shoes - legend blue/footwear white/grey five, £49.99
847,adidas Performance,TERREX FREE HIKER - Hiking shoes - raw khaki/core black, £169.99
848,adidas Originals,CAMPUS - Trainers - grey three/footwear white/chalk white, £45.49
849,adidas Originals,OZWEEGO - Trainers - core black/solar green/onix, £49.49
850,adidas Originals,CONTINENTAL 80 - Trainers - core black/orange/sesame, £79.95
851,adidas Performance,TERREX SKYCHASER LT - Hiking shoes - core black/dash grey/signal green, £71.49
852,adidas Originals,DROP STEP - High-top trainers - core black/granit/solar red, £52.49
853,adidas Performance,X 19.3 LL FG - Moulded stud football boots - core black/utility black/silver metallic, £48.74
854,adidas Performance,COPA 19.3 SG - Screw-in stud football boots - solar yellow/core black, £47.99
855,adidas Performance,TERREX SKYCHASER LT GTX - Trail running shoes - grey six/dash grey/signal green, £129.99
856,adidas Performance,FIT PR TRAINER BOOST SPORTS SHOES - Sports shoes - grey three/footwear white/grey five, £84.99
857,adidas Performance,ULTRABOOST 20 PRIMEKNIT RUNNING SHOES - Neutral running shoes - core black/signal green, £159.95
858,adidas Performance,TERREX AGRAVIC - Trail running shoes - black, £69.99
859,adidas Performance,TERREX AGRAVIC FLOW GORE-TEX TRAIL RUNNING SHOES - Trail running shoes - black, £139.95
860,adidas Originals,"ADIDAS ORIGINALS SNEAKER ""MARATHON TECH"" - Trainers - offwhite", £90.99
861,adidas Originals,JAKE BOOT 2.0 - Lace-up ankle boots - raw desert/brown/collegiate green, £84.49
862,adidas Performance,COPA MUNDIAL - Moulded stud football boots - zwart/wit, £83.99
863,adidas Performance,PREDATOR 20.3 MG - Moulded stud football boots - core black/dough solid grey, £56.24
864,adidas Originals,Trainers - grey, £74.95
865,adidas Originals,YUNG-1 TORSION SYSTEM RUNNING-STYLE SHOES - Trainers - cloud white/footwear white, £62.99
866,adidas Performance,Power Perfect 3 - Sports shoes - Black, £109.95
867,adidas Originals,SUPERCOURT SHOES - Trainers - blue, £74.95
868,adidas Originals,LXCON - Trainers - signal green/solar yellow, £78.74
869,adidas Performance,ESSENCE - Handball shoes - core black/footwear white/grey six, £49.99
870,adidas Originals,NIZZA X DISNEY SPORT GOOFY - Trainers - footwear white/scarlet/core black, From £54.95
871,adidas Performance,PREDATOR 20.1 FOOTBALL STREET SHOES - Sports shoes - footwear white/core black/gold metallic, £98.99
872,adidas Performance,PREDATOR 19.3 SG - Screw-in stud football boots - bright cyan/core black/solar yellow, £59.99
873,adidas Performance,Neutral running shoes - white, £99.95
874,adidas Originals,DELPALA SHOES - Trainers - black, £54.95
875,adidas Performance,TERREX AGRAVIC XT GTX SHOES - Trail running shoes - black, £159.95
876,adidas Performance,COPA 20.3 MG - Moulded stud football boots - footwear white/core black/signal green, £47.99
877,adidas Originals,MARATHON TECH - Trainers - core black/dough solid grey/silver metallic, £87.99
878,adidas Performance,TERREX AGRAVIC TR TRAIL RUNNING SHOES - Trail running shoes - black, £69.99
879,adidas Performance,FLUIDFLOW - Neutral running shoes - core black/footwear white/grey six, £69.95
880,adidas Originals,POWERPHASE - Trainers - offwhite/dark blue, £84.95
881,adidas Performance,TERREX SWIFT R2 - Hiking shoes - core black/signal green, £99.99
882,adidas Performance,COPA GLORO 19.2 SG - Screw-in stud football boots - solar yellow/core black, £67.99
883,adidas Performance,SPEZIAL BOOST - Handball shoes - orange tint/core white/grey six, £99.99
884,adidas Originals,CONTINENTAL 80 SPORTS INSPIRED SHOES UNISEX - Trainers - core black/footwear white, £89.99
885,adidas Originals,NITE JOGGER - Trainers - core black/carbon, £74.99
886,adidas Originals,TOP TEN HI SHOES - High-top trainers - white, £41.99
887,adidas Originals,SUPERCOURT SHOES - Trainers - gray, £74.95
888,adidas Performance,PREDATOR 19.3 AG - Moulded stud football boots - bright cyan/core black/solar yellow, £56.24
889,adidas Originals,ZX FLUX SHOES - Trainers - white, £74.95
890,adidas Performance,ADIZERO RC 2 - Competition running shoes - glow blue/core white/solar red, £55.24
891,adidas Performance,TERREX BOAT - Watersports shoes - collegiate navy/white/core black, £69.99
892,adidas Performance,X 19.3 LL FG - Moulded stud football boots - bright cyan/core black/shock pink, From £63.99
893,adidas Originals,SUPERCOURT - Trainers - core black/dough solid grey, £74.95
894,adidas Originals,SUPERSTAR  - Trainers - footwear white/blue/scarlet, £37.95
895,adidas Originals,DROP STEP - High-top trainers - footwear white/granit/solar red, £48.99
896,adidas Originals,SUPERSTAR SHOES - Trainers - blue, £79.95
897,adidas Originals,EQT GAZELLE SHOES - Trainers - white, £84.95
898,adidas Performance,TERREX VOYAGER - Walking trainers - grey three/core black/signal green, £52.49
899,adidas Originals,SUPERSTAR - Trainers - footwear white/prism mint/collegiate royal, £83.99
900,adidas Originals,DEERUPT RUNNER - Trainers - core balck/footwear white, £52.49
901,adidas Performance,NEMEZIZ 19.3 TF - Astro turf trainers - footwear white/royal blue/core black, £55.99
902,adidas Performance,NEMEZIZ 19.3 TF - Astro turf trainers - grey two/solar orange/core white, £55.99
903,adidas Performance,COURTJAM BOUNCE CLAY - Clay court tennis shoes - grey six/core black/footwear white, £55.99
904,adidas Performance,COPA 20.1 SG - Screw-in stud football boots - royal blue/silver metallic, £144.49
905,adidas Originals,YUNG-96 CHASM SHOES - Trainers - black, £84.95
906,adidas Performance,X 19.2 FG - Moulded stud football boots - bright cyan/core black/shock pink, £71.49
907,adidas Performance,SL20 - Neutral running shoes - dash grey/shadow blue/true orange, From £50.00
908,adidas Performance,SOLECOURT BOOST - Clay court tennis shoes - footwear white/core black/signal pink, £139.99
909,adidas Originals,ZX 2K BOOST - Trainers - footwear white/grey two, £94.99
910,adidas Originals,YUNG 96 CHASM TRAIL - Trainers - hi-res coralle/semi coralle/hi-res yellow, £74.95
911,adidas Performance,NEMEZIZ MESSI 19.3 TF - Astro turf trainers - tech indigo/signal green/glow purple, £52.49
912,adidas Performance,X 19.3 TF - Astro turf trainers - bright cyan/core black/shock pink, £55.99
913,adidas Performance,NEMEZIZ MESSI 19.3 TF - Astro turf trainers - footwear white/solid red/football blue, £55.99
914,adidas Performance,SOLAR GLIDE 19 - Neutral running shoes - footwear white/scarlet, £89.99
915,adidas Performance,SENSEBOUNCE - Neutral running shoes - hi-res coral/core black/active orange, £63.74
916,adidas Performance,ADIZERO ADIOS 5 - Neutral running shoes - core black/footwear white/signal coral, £129.99
917,adidas Originals,STAN SMITH STREETWEAR-STYLE SHOES - Trainers - footware white/trace cargo, £56.24
918,adidas Performance,SENSEBOUNCE + - Neutral running shoes - core black/grey three/glow blue, £84.95
919,adidas Performance,SOLAR DRIVE 19 - Neutral running shoes - royal/core black/footwear white, £99.95
920,adidas Performance,SOLAR DRIVE 19 - Neutral running shoes - core black/grey six/footwear white, £99.95
921,adidas Performance,COPA GLORO 20.2 FG - Moulded stud football boots - active red/footwear white/core black, £42.50
922,adidas Performance,COPA 19.3 TF - Astro turf trainers - solar yellow/core black, From £47.99
923,adidas Originals,YUNG-96 CHASM - Trainers - crystal white/active teal/energy ink, £84.95
924,adidas Golf,ADICROSS RETRO - Golf shoes - footwear white/green, From £74.95
925,adidas Performance,COPA GLORO 20.2 FG - Moulded stud football boots - active red/footwear white/core black, £42.50
926,adidas Performance,STABIL NEXT GEN - Handball shoes - royal blue/footwear white/signal green, £119.95
927,adidas Originals,YUNG-1 - Trainers - solar green/real purple/hi-res yellow, £89.95
928,adidas Originals,GAZELLE SHOES - Trainers - yellow, £41.24
929,adidas Performance,ADIZERO LIGHTSTRIKE INDOOR SPORTS SHOES - Handball shoes - sigpnk/cblack/coppmt, £109.99
930,adidas Performance,X 19.3 FG - Moulded stud football boots - royal blue/footwear white/core black, £55.99
931,adidas Performance,ADIZERO FASTCOURT  - Handball shoes - footwear white/core black/solar red, £99.99
932,adidas Performance,KAISER 5 LEATHER FOOTBALL BOOTS FIRM GROUND - Moulded stud football boots - black/running white/rot, £72.24
933,adidas Performance,COPA GLORO 20.2 FG - Moulded stud football boots - footwear white/core black/signal green, £84.95
934,adidas Originals,GAZELLE - Trainers - night cargo/core black, £69.95
935,adidas Performance,Stabilty running shoes - black, £99.95
936,adidas Performance,COPA GLORO 20.2 FG - Moulded stud football boots - grey two/silver metallic/solar yellow, £84.95
937,adidas Performance,PREDATOR 19.3 FG - Moulded stud football boots - legend green/sand/solar yellow, £44.99
938,adidas Performance,X 19.1 TF - Astro turf trainers - footwear white/core black/shock pink, £99.95
939,adidas Performance,NEMEZIZ FOOTBALL BOOTS FIRM GROUND - Moulded stud football boots - active red/silver metallic/solar red, £45.49
940,adidas Performance,X 19.3 FG - Moulded stud football boots - legend green/solar orange/white, £69.95
941,adidas Originals,3MC - Trainers - lgsogr/lgsogr/ftwwht, £43.99
942,adidas Performance,X GHOSTED.3 FOOTBALL BOOTS FIRM GROUND - Moulded stud football boots - signal green/energy ink, £69.95
943,adidas Performance,PREDATOR 20.3 FOOTBALL BOOTS FIRM GROUND - Moulded stud football boots - signal green/footwear white/core black, £74.95
944,adidas Performance,Moulded stud football boots - white, £179.95
945,adidas Originals,GAZELLE - Trainers - core black/bold gold/footwear white, £71.99
946,adidas Performance,COURT TEAM BOUNCE - Handball shoes - core black/silver metallic/footwear white, £69.99
947,adidas Performance,NEMEZIZ MESSI 19.3 FG - Moulded stud football boots - tech indigo/signal green/footwear white, £55.99
948,adidas Performance,NEMEZIZ FOOTBALL BOOTS FIRM GROUND - Moulded stud football boots - shock pink/core black, £69.95
949,adidas Performance,PREDATOR 19.2 FG - Moulded stud football boots - bright cyan/core black/solar yellow, £65.00
950,adidas Performance,NEMEZIZ 18.2 FG - Moulded stud football boots - core black/footwear white, £80.49
951,adidas Performance,X GHOSTED.4 FOOTBALL SHOES INDOOR - Indoor football boots - footwear white/core black/silver metallic, £42.99
952,adidas Performance,TERREX SWIFT R2 GORE-TEX HIKING SHOES - Hiking shoes - green, £119.95
953,adidas Golf,ADICROSS RETRO - Golf shoes - footwear white/silver metallic/tech indigo, £74.95
954,adidas Performance,COPA 19.3 FG - Moulded stud football boots - solar yellow/core black, £47.99
955,adidas Performance,COPA 19.3 FG - Moulded stud football boots - core black, £44.99
956,adidas Performance,COPA 20.3 IN SALA - Indoor football boots - grey two/matte silver/grey three, £59.95
957,adidas Performance,DEFIANT GENERATION  - Multicourt tennis shoes - core black/footwear white, £67.99
958,adidas Originals,3MC - Slip-ons - core black/footwear white, £43.99
959,adidas Performance,ADIZERO PRIME - Competition running shoes - core black/footwear white/carbon, £127.49
960,adidas Originals,SUPERSTAR - Trainers - black, £79.95
961,adidas Performance,MUNDIAL GOAL - Indoor football boots - noir/blanc, £87.99
962,adidas Performance,PUREBOOST DPR LTD - Neutral running shoes - footwear white/hi-res-yellow, £139.99
963,adidas Originals,JAKE BOOT 2.0 - Lace-up ankle boots - collegiate navy/maroon/brown, £103.99
964,adidas Performance,CRAZYFLIGHT TOKYO - Volleyball shoes - signal pink/core black/copper metallic, From £119.95
965,adidas Performance,FLUIDFLOW SHOES - Walking trainers - blue, £69.95
966,adidas Originals,SAMBA - Trainers - footwear white/core grani, £55.99
967,adidas Performance,SOLEMATCH BOUNCE HARD COURT SHOES - Clay court tennis shoes - green, £99.95
968,adidas Performance,CRAZY FLIGHT BOOST INDOOR SPORTS SHOES - Volleyball shoes - footwear white/core black, £119.99
969,adidas Performance,Screw-in stud football boots - blue, £169.95
970,adidas Performance,X GHOSTED.1 TURF - Sports shoes - white, £99.95
971,adidas Performance,COPA INDOOR - Indoor football boots - blue, £109.95
972,adidas Performance,4D 1.0 - Neutral running shoes - footwear white/core black/gold, £174.99
973,adidas Performance,X 19.3 IN - Indoor football boots - core black/utility black/silver metallic, £41.99
974,adidas Performance,COPA 19.3 IN SALA - Indoor football boots - solar yellow/core black, £47.99
975,adidas Performance,NEMEZIZ 19.3 IN - Indoor football boots - shock pink/core black, £69.95
976,adidas Performance,NEMEZIZ 19.1 AG  - Moulded stud football boots - footwear white / core black / signal green, £179.95
977,adidas Performance,PREDATOR 19.3 IN - Indoor football boots - bright cyan/core black/solar yellow, £59.99
978,adidas Performance,X 19.3 IN - Indoor football boots - bright cyan/core black/shock pink, £48.99
979,adidas Performance,NEMEZIZ MESSI 19.3 IN - Indoor football boots - footwear white/solar red/football blue, £55.99
980,adidas Performance,X 19.3 IN - Indoor football boots - royal blue/footwear white/core black, £55.99
981,adidas Performance,COURTJAM BOUNCE - Multicourt tennis shoes - footwear white/core black/metallic silver, £69.99
982,adidas Performance,COURTJAM BOUNCE - Multicourt tennis shoes - core black/footwear white, £69.99
983,adidas Originals,SWIFT RUN - Trainers - core black/footwear white, £63.99
984,adidas Originals,CONTINENTAL 80 BAARA - Trainers - sesame/orbit grey /core black, £56.99
985,adidas Performance,SOLEMATCH BOUNCE - Multicourt tennis shoes - footwear white/legend ink, £99.99
986,adidas Performance,ADIPOWER WEIGHTLIFTING 2 SHOES - Sports shoes - black, £169.95
987,adidas Performance,SENSEBOUNCE + ACE - Neutral running shoes - alumin/glow pink/footwear white, £67.99
988,adidas Performance,DEFIANT GENERATION MULTICOURT TENNIS SHOES - Multicourt tennis shoes - orange, £84.95
989,adidas Originals,ZX 500 SHOES - Sports shoes - white, £74.95
990,adidas Originals,COAST STAR - Trainers - cblack/ftwwht/cblack, £45.49
991,adidas Performance,TERREX AGRAVIC TECH PRO TRAIL RUNNING SHOES - High-top trainers - black, £219.95
992,adidas Performance,TERREX AGRAVIC XT GORE TEX TRAIL RUNNING SHOES - Trail running shoes - grey, £159.95
993,adidas Originals,ZX FLUX - Trainers - core black/footwear white, £67.99
994,adidas Originals,COUNTRY OG SHOES - Trainers - white, £64.95
995,adidas Originals,SWIFT RUN - Trainers - grey three/footwear white/core black, £47.99
996,adidas Originals,X PLR - Trainers - red, £63.99
997,adidas Performance,X 19.2 FG - Moulded stud football boots - footwear white/core black/shock pink, £109.95
998,adidas Originals,OZWEEGO - Trainers - red, £62.99
999,adidas Originals,TEAM COURT - Trainers - core black/footwear white, £69.99
1000,adidas Originals,DEERUPT - Trainers - footwear white, £47.50
1001,adidas Originals,PATH RUN - Trainers - footwear white/royal blue/lush red, £63.99
1002,adidas Performance,SOLECOURT BOOST - Clay court tennis shoes - legend ink/footwear white, £139.99
1003,adidas Originals,SUPERCOURT - Trainers - savannah/solar red, £55.99
1004,adidas Originals,COUNTRY OG SHOES - Trainers - white, £69.95
1005,adidas Originals,X_PLR - Trainers - core black/trace grey metallic, £52.49
1006,adidas Originals,RIVALRY  - Trainers - footwear white/core black, From £69.95
1007,adidas Originals,SUPERSTAR FOUNDATION - Trainers - core black, £55.99
